{"stats":{"minecraft:mined":{"minecraft:deepslate_diamond_ore":7,"minecraft:mossy_stone_brick_slab":1,"minecraft:crafting_table":2,"minecraft:cave_vines_plant":8,"minecraft:torch":7,"minecraft:chest":1,"minecraft:mushroom_stem":1,"minecraft:copper_ore":2,"minecraft:tall_grass":5,"minecraft:bricks":1,"minecraft:big_dripleaf":1,"minecraft:wall_torch":8,"minecraft:spawner":45,"minecraft:hay_block":12,"minecraft:black_stained_glass":1,"minecraft:furnace":2,"minecraft:mossy_cobblestone_stairs":1,"minecraft:cave_vines":24,"treechop:chopped_log":1,"minecraft:yellow_bed":1,"minecraft:grass":5,"minecraft:mossy_stone_brick_stairs":1,"minecraft:oak_log":4,"minecraft:vine":8,"minecraft:iron_bars":25,"minecraft:azalea":1,"minecraft:acacia_planks":18,"minecraft:stone":1,"minecraft:stone_bricks":1,"minecraft:deepslate":3,"minecraft:mossy_stone_bricks":1,"minecraft:oak_leaves":4,"minecraft:fern":2},"minecraft:used":{"epicfight:skillbook":1,"minecraft:iron_bars":2,"minecraft:baked_potato":14,"minecraft:oak_planks":2,"minecraft:iron_sword":373,"tombstone:scroll_of_true_sight":3,"minecraft:torch":37,"minecraft:golden_apple":3,"minecraft:glow_berries":7,"minecraft:crafting_table":2,"minecraft:carrot":5,"born_in_chaos_v1:smoked_flesh":7,"minecraft:bricks":1,"minecraft:bread":20,"minecraft:iron_pickaxe":106,"ars_nouveau:source_berry":4,"minecraft:diamond_sword":120,"minecraft:wooden_sword":11,"minecraft:sweet_berries":3,"minecraft:acacia_planks":38,"tombstone:gift":2,"minecraft:cobbled_deepslate":1,"minecraft:cooked_beef":9,"epicfight:uchigatana":31},"minecraft:dropped":{"minecraft:bread":6,"minecraft:iron_sword":2,"minecraft:golden_helmet":1,"minecraft:wheat":1,"minecraft:clay_ball":6,"minecraft:leather_helmet":1,"minecraft:chainmail_chestplate":1,"minecraft:gunpowder":1,"minecraft:chainmail_boots":1,"tombstone:grave_dust":3,"minecraft:wooden_sword":1,"minecraft:iron_bars":7,"minecraft:arrow":2,"minecraft:bone":1,"epicfight:skillbook":1},"minecraft:custom":{"minecraft:mob_kills":128,"minecraft:interact_with_crafting_table":6,"minecraft:open_barrel":29,"minecraft:damage_dealt_resisted":3141,"minecraft:leave_game":1,"minecraft:time_since_death":68193,"minecraft:climb_one_cm":2178,"minecraft:time_since_rest":68309,"minecraft:sprint_one_cm":583479,"minecraft:walk_one_cm":448237,"minecraft:damage_taken":3040,"minecraft:damage_absorbed":120,"minecraft:trigger_trapped_chest":1,"minecraft:drop":27,"minecraft:damage_dealt":23740,"minecraft:talked_to_villager":1,"minecraft:fly_one_cm":506416,"minecraft:open_chest":98,"minecraft:crouch_one_cm":28874,"minecraft:play_time":71514,"tombstone:undead_killed":58,"minecraft:deaths":1,"minecraft:sneak_time":4582,"minecraft:jump":1561,"minecraft:walk_on_water_one_cm":8732,"minecraft:total_world_time":71514,"minecraft:fall_one_cm":25203},"minecraft:killed":{"graveyard:skeleton_creeper":1,"born_in_chaos_v1:restless_spirit":2,"born_in_chaos_v1:swarmer":1,"born_in_chaos_v1:door_knight_not_despawn":1,"born_in_chaos_v1:zombie_clown_not_despawn":2,"minecraft:spider":23,"minecraft:creeper":1,"born_in_chaos_v1:decrepit_skeleton":5,"born_in_chaos_v1:maggot":4,"minecraft:skeleton":21,"alexsmobs:cockroach":1,"minecraft:zombie":22,"ars_nouveau:wilden_stalker":7,"iceandfire:ghost":1,"born_in_chaos_v1:dread_hound":1,"born_in_chaos_v1:skeleton_thrasher":1,"born_in_chaos_v1:corpse_fly":4,"minecraft:stray":3,"realmrpg_demons:chort":1,"ars_nouveau:summon_wolf":10,"ars_nouveau:wilden_hunter":5,"artifacts:mimic":1,"minecraft:cow":4},"minecraft:killed_by":{"minecraft:player":1},"minecraft:crafted":{"minecraft:oak_planks":16,"sophisticatedbackpacks:backpack":1,"minecraft:crafting_table":1,"minecraft:spyglass":1,"minecraft:stick":8,"minecraft:iron_pickaxe":1,"minecraft:torch":4,"sophisticatedbackpacks:iron_backpack":1},"minecraft:picked_up":{"minecraft:crafting_table":2,"minecraft:wheat":1,"minecraft:chainmail_boots":1,"born_in_chaos_v1:monster_flesh":1,"minecraft:leather_leggings":1,"minecraft:leather":4,"minecraft:lead":1,"minecraft:diamond_sword":1,"minecraft:potion":1,"minecraft:enchanted_book":1,"paraglider:spirit_orb":64,"ars_nouveau:wilden_wing":1,"minecraft:oak_log":4,"minecraft:chainmail_chestplate":1,"minecraft:chain":2,"minecraft:gunpowder":1,"minecraft:yellow_bed":1,"minecraft:string":12,"minecraft:wooden_sword":1,"born_in_chaos_v1:monster_skin":2,"born_in_chaos_v1:intoxicating_decoction":1,"minecraft:bone":38,"minecraft:acacia_planks":18,"minecraft:bow":2,"minecraft:wheat_seeds":1,"minecraft:cobbled_deepslate":1,"minecraft:beef":8,"minecraft:iron_ingot":9,"born_in_chaos_v1:gnawed_bones":1,"tombstone:bag_of_seeds":1,"minecraft:mossy_stone_bricks":1,"minecraft:diamond_helmet":1,"minecraft:chest":1,"minecraft:iron_sword":1,"minecraft:iron_boots":1,"minecraft:furnace":2,"minecraft:golden_helmet":1,"minecraft:torch":20,"minecraft:poisonous_potato":1,"epicfight:skillbook":3,"tombstone:grave_dust":4,"ars_nouveau:wilden_horn":1,"minecraft:spider_eye":6,"minecraft:leather_helmet":1,"minecraft:arrow":17,"minecraft:rotten_flesh":36,"minecraft:diamond":7,"minecraft:hay_block":12,"artifacts:pocket_piston":1,"minecraft:glow_berries":21,"minecraft:gold_ingot":6,"minecraft:iron_bars":24,"minecraft:bricks":2,"minecraft:coal":8}},"DataVersion":2975}