{"stats":{"minecraft:mined":{"minecraft:deepslate_diamond_ore":3,"minecraft:mossy_stone_brick_slab":1,"minecraft:crafting_table":1,"minecraft:torch":6,"minecraft:chest":1,"minecraft:mushroom_stem":1,"minecraft:copper_ore":2,"minecraft:tall_grass":3,"minecraft:bricks":1,"minecraft:wall_torch":8,"minecraft:spawner":45,"minecraft:hay_block":12,"minecraft:black_stained_glass":1,"minecraft:furnace":2,"minecraft:mossy_cobblestone_stairs":1,"treechop:chopped_log":1,"minecraft:yellow_bed":1,"minecraft:grass":5,"minecraft:mossy_stone_brick_stairs":1,"minecraft:oak_log":4,"minecraft:vine":8,"minecraft:iron_bars":25,"minecraft:stone":1,"minecraft:stone_bricks":1,"minecraft:deepslate":1,"minecraft:mossy_stone_bricks":1,"minecraft:oak_leaves":4,"minecraft:fern":2},"minecraft:used":{"epicfight:skillbook":1,"minecraft:iron_bars":2,"minecraft:baked_potato":14,"minecraft:oak_planks":2,"minecraft:iron_sword":373,"minecraft:torch":28,"minecraft:golden_apple":3,"minecraft:glow_berries":3,"minecraft:crafting_table":1,"minecraft:carrot":5,"born_in_chaos_v1:smoked_flesh":7,"minecraft:bricks":1,"minecraft:bread":14,"minecraft:iron_pickaxe":99,"ars_nouveau:source_berry":4,"minecraft:diamond_sword":20,"minecraft:wooden_sword":11,"minecraft:sweet_berries":3,"minecraft:acacia_planks":15,"tombstone:gift":2,"minecraft:cobbled_deepslate":1,"minecraft:cooked_beef":9,"epicfight:uchigatana":31},"minecraft:dropped":{"minecraft:bread":6,"minecraft:iron_sword":2,"minecraft:golden_helmet":1,"minecraft:clay_ball":6,"minecraft:leather_helmet":1,"minecraft:chainmail_chestplate":1,"minecraft:gunpowder":1,"minecraft:chainmail_boots":1,"tombstone:grave_dust":2,"minecraft:wooden_sword":1,"minecraft:iron_bars":7,"minecraft:arrow":2,"minecraft:bone":1,"epicfight:skillbook":1},"minecraft:custom":{"minecraft:mob_kills":109,"minecraft:interact_with_crafting_table":5,"minecraft:open_barrel":19,"minecraft:damage_dealt_resisted":1120,"minecraft:leave_game":1,"minecraft:time_since_death":56193,"minecraft:climb_one_cm":2178,"minecraft:time_since_rest":56309,"minecraft:sprint_one_cm":528246,"minecraft:walk_one_cm":391732,"minecraft:damage_taken":2811,"minecraft:damage_absorbed":120,"minecraft:trigger_trapped_chest":1,"minecraft:drop":25,"minecraft:damage_dealt":19883,"minecraft:talked_to_villager":1,"minecraft:fly_one_cm":381601,"minecraft:open_chest":92,"minecraft:crouch_one_cm":23439,"minecraft:play_time":59514,"tombstone:undead_killed":50,"minecraft:deaths":1,"minecraft:sneak_time":3253,"minecraft:jump":1124,"minecraft:walk_on_water_one_cm":4428,"minecraft:total_world_time":59514,"minecraft:fall_one_cm":13540},"minecraft:killed":{"born_in_chaos_v1:restless_spirit":2,"born_in_chaos_v1:swarmer":1,"born_in_chaos_v1:door_knight_not_despawn":1,"born_in_chaos_v1:zombie_clown_not_despawn":2,"minecraft:spider":23,"minecraft:creeper":1,"born_in_chaos_v1:decrepit_skeleton":4,"born_in_chaos_v1:maggot":4,"minecraft:skeleton":19,"minecraft:zombie":19,"ars_nouveau:wilden_stalker":4,"iceandfire:ghost":1,"born_in_chaos_v1:dread_hound":1,"born_in_chaos_v1:corpse_fly":4,"minecraft:stray":3,"realmrpg_demons:chort":1,"ars_nouveau:summon_wolf":6,"ars_nouveau:wilden_hunter":3,"minecraft:cow":4},"minecraft:killed_by":{"minecraft:player":1},"minecraft:crafted":{"minecraft:oak_planks":16,"sophisticatedbackpacks:backpack":1,"minecraft:crafting_table":1,"minecraft:stick":8,"minecraft:iron_pickaxe":1,"minecraft:torch":4,"sophisticatedbackpacks:iron_backpack":1},"minecraft:picked_up":{"minecraft:crafting_table":1,"minecraft:wheat":1,"minecraft:chainmail_boots":1,"born_in_chaos_v1:monster_flesh":1,"minecraft:leather_leggings":1,"minecraft:leather":4,"minecraft:lead":1,"minecraft:diamond_sword":1,"minecraft:potion":1,"minecraft:enchanted_book":1,"paraglider:spirit_orb":64,"ars_nouveau:wilden_wing":1,"minecraft:oak_log":4,"minecraft:chainmail_chestplate":1,"minecraft:chain":2,"minecraft:gunpowder":1,"minecraft:yellow_bed":1,"minecraft:string":12,"minecraft:wooden_sword":1,"born_in_chaos_v1:monster_skin":2,"born_in_chaos_v1:intoxicating_decoction":1,"minecraft:bone":31,"minecraft:bow":2,"minecraft:wheat_seeds":1,"minecraft:cobbled_deepslate":1,"minecraft:beef":8,"minecraft:iron_ingot":9,"born_in_chaos_v1:gnawed_bones":1,"tombstone:bag_of_seeds":1,"minecraft:mossy_stone_bricks":1,"minecraft:diamond_helmet":1,"minecraft:chest":1,"minecraft:iron_sword":1,"minecraft:iron_boots":1,"minecraft:furnace":2,"minecraft:golden_helmet":1,"minecraft:torch":17,"minecraft:poisonous_potato":1,"epicfight:skillbook":3,"tombstone:grave_dust":3,"ars_nouveau:wilden_horn":1,"minecraft:spider_eye":6,"minecraft:leather_helmet":1,"minecraft:arrow":17,"minecraft:rotten_flesh":35,"minecraft:diamond":3,"minecraft:hay_block":12,"minecraft:gold_ingot":6,"minecraft:iron_bars":24,"minecraft:bricks":2,"minecraft:coal":8}},"DataVersion":2975}