{"stats":{"minecraft:custom":{"minecraft:interact_with_anvil":1,"minecraft:mob_kills":189,"minecraft:interact_with_crafting_table":26,"minecraft:open_barrel":59,"minecraft:damage_dealt_resisted":3321,"minecraft:leave_game":4,"minecraft:time_since_death":194255,"minecraft:climb_one_cm":11200,"minecraft:sprint_one_cm":1225773,"minecraft:walk_one_cm":1084682,"minecraft:drop":78,"minecraft:talked_to_villager":1,"minecraft:play_time":197576,"minecraft:sneak_time":17817,"minecraft:deaths":1,"minecraft:walk_under_water_one_cm":26021,"minecraft:jump":5096,"minecraft:interact_with_blast_furnace":1,"minecraft:walk_on_water_one_cm":62996,"minecraft:total_world_time":197576,"minecraft:interact_with_furnace":5,"minecraft:interact_with_cartography_table":3,"minecraft:sleep_in_bed":1,"minecraft:time_since_rest":28984,"minecraft:damage_taken":6966,"minecraft:damage_absorbed":200,"minecraft:trigger_trapped_chest":4,"minecraft:damage_dealt":37596,"minecraft:player_kills":5,"minecraft:swim_one_cm":53934,"minecraft:fly_one_cm":1540215,"minecraft:open_chest":135,"minecraft:crouch_one_cm":104653,"tombstone:undead_killed":80,"minecraft:fall_one_cm":114177,"minecraft:interact_with_smoker":1,"minecraft:inspect_dispenser":5},"minecraft:used":{"minecraft:iron_bars":2,"minecraft:spruce_planks":3,"minecraft:iron_sword":373,"minecraft:torch":135,"minecraft:spyglass":1,"minecraft:anvil":1,"minecraft:carrot":22,"minecraft:tuff":5,"mowziesmobs:glowing_jelly":1,"born_in_chaos_v1:smoked_flesh":10,"minecraft:bricks":1,"ars_nouveau:source_berry":8,"minecraft:diamond_chestplate":1,"minecraft:sweet_berries":3,"tombstone:gift":2,"minecraft:cooked_beef":13,"minecraft:potato":8,"minecraft:cobbled_deepslate":45,"minecraft:acacia_planks":44,"minecraft:water_bucket":8,"epicfight:skillbook":1,"minecraft:baked_potato":14,"minecraft:oak_planks":2,"soulsweapons:moonstone_pickaxe":35,"tombstone:scroll_of_true_sight":3,"minecraft:golden_apple":6,"minecraft:glow_berries":66,"minecraft:crafting_table":7,"tombstone:bag_of_seeds":2,"minecraft:acacia_door":2,"minecraft:bread":76,"minecraft:melon_slice":20,"minecraft:iron_pickaxe":352,"minecraft:gravel":19,"minecraft:diamond_sword":352,"minecraft:cobblestone":138,"minecraft:wooden_sword":11,"minecraft:bucket":9,"minecraft:yellow_bed":1,"wom:moonless":54,"epicfight:uchigatana":31},"minecraft:killed_by":{"minecraft:player":1},"minecraft:dropped":{"minecraft:bread":6,"minecraft:iron_sword":2,"minecraft:black_dye":1,"minecraft:golden_helmet":1,"minecraft:glow_berries":3,"minecraft:cobblestone":13,"iceandfire:ectoplasm":1,"minecraft:leather_helmet":1,"minecraft:golden_apple":1,"minecraft:stick":3,"minecraft:brown_concrete_powder":5,"minecraft:torch":5,"tombstone:grave_dust":3,"minecraft:wooden_sword":1,"minecraft:acacia_door":1,"minecraft:dark_oak_planks":32,"minecraft:bone":1,"minecraft:kelp":6,"minecraft:spyglass":1,"minecraft:cobbled_deepslate":8,"minecraft:wheat":1,"minecraft:black_terracotta":2,"born_in_chaos_v1:smoked_flesh":3,"minecraft:clay_ball":6,"iceandfire:fire_lily":1,"wom:diamond_legtopseal":1,"minecraft:carrot":8,"minecraft:chainmail_chestplate":1,"minecraft:gunpowder":3,"minecraft:spruce_planks":1,"minecraft:melon_seeds":4,"minecraft:chainmail_boots":1,"minecraft:azalea":1,"born_in_chaos_v1:diamond_termite_shard":3,"blue_skies:fiery_bean_seeds":3,"minecraft:iron_bars":7,"minecraft:arrow":2,"epicfight:skillbook":1},"minecraft:mined":{"minecraft:tuff":6,"minecraft:spruce_planks":5,"minecraft:deepslate_diamond_ore":39,"minecraft:mossy_stone_brick_slab":1,"minecraft:obsidian":13,"minecraft:glow_lichen":1,"minecraft:cave_vines_plant":9,"minecraft:grass_block":4,"minecraft:spruce_leaves":27,"minecraft:moss_block":1,"minecraft:kelp":4,"minecraft:spawner":48,"minecraft:hay_block":24,"minecraft:tall_seagrass":1,"minecraft:furnace":2,"minecraft:mossy_cobblestone_stairs":1,"minecraft:fire":3,"minecraft:cobbled_deepslate":9,"treechop:chopped_log":1,"minecraft:deepslate_lapis_ore":5,"soulsweapons:moonstone_ore_deepslate":18,"minecraft:mossy_stone_brick_stairs":1,"minecraft:vine":13,"minecraft:cave_vines":30,"minecraft:deepslate_iron_ore":6,"minecraft:iron_bars":29,"minecraft:bamboo":3,"minecraft:azalea":2,"minecraft:stone":1,"minecraft:tripwire":1,"minecraft:flowering_azalea":3,"minecraft:glass_pane":1,"minecraft:soul_sand":2,"soulsweapons:verglas_ore_deepslate":7,"minecraft:smoker":2,"minecraft:cornflower":1,"minecraft:clay":1,"minecraft:crafting_table":6,"born_in_chaos_v1:infected_deepslate_diamond_ore":1,"minecraft:torch":30,"minecraft:blast_furnace":1,"minecraft:poppy":1,"minecraft:melon":6,"minecraft:chest":1,"minecraft:mushroom_stem":1,"iceandfire:fire_lily":1,"minecraft:copper_ore":2,"minecraft:tall_grass":11,"minecraft:cobblestone":38,"minecraft:deepslate_gold_ore":11,"minecraft:bricks":1,"minecraft:big_dripleaf":1,"minecraft:wall_torch":33,"minecraft:seagrass":1,"minecraft:black_stained_glass":1,"minecraft:tnt":9,"minecraft:yellow_bed":2,"minecraft:grass":16,"minecraft:oak_log":4,"minecraft:gravel":27,"minecraft:dirt":1,"minecraft:cobweb":1,"minecraft:acacia_planks":18,"minecraft:stone_bricks":1,"minecraft:mossy_stone_bricks":1,"minecraft:chipped_anvil":1,"minecraft:deepslate":67,"minecraft:oak_leaves":15,"minecraft:fern":2},"minecraft:killed":{"graveyard:skeleton_creeper":1,"born_in_chaos_v1:restless_spirit":2,"born_in_chaos_v1:door_knight_not_despawn":1,"born_in_chaos_v1:zombie_clown_not_despawn":2,"minecraft:spider":23,"born_in_chaos_v1:thornshell_crab":1,"born_in_chaos_v1:zombie_bruiser":1,"born_in_chaos_v1:maggot":6,"minecraft:skeleton":25,"alexsmobs:leafcutter_ant":1,"realmrpg_demons:chort":3,"born_in_chaos_v1:skeleton_thrasher":1,"born_in_chaos_v1:baby_skeleton_2":1,"alexsmobs:bison":7,"ars_nouveau:summon_wolf":13,"minecraft:drowned":1,"born_in_chaos_v1:firelight_not_despawn":2,"artifacts:mimic":1,"graveyard:ghoul":1,"minecraft:zombie_villager":1,"born_in_chaos_v1:diamond_termite":5,"born_in_chaos_v1:swarmer":1,"alexsmobs:seal":1,"minecraft:creeper":2,"born_in_chaos_v1:decrepit_skeleton":6,"mowziesmobs:lantern":1,"minecraft:zombie":30,"alexsmobs:cockroach":1,"ars_nouveau:wilden_stalker":8,"iceandfire:ghost":5,"born_in_chaos_v1:dread_hound":2,"born_in_chaos_v1:corpse_fly":4,"minecraft:stray":3,"ars_nouveau:wilden_hunter":7,"minecraft:cow":11},"minecraft:broken":{"minecraft:iron_boots":1,"minecraft:chainmail_chestplate":1,"minecraft:iron_pickaxe":1},"minecraft:picked_up":{"minecraft:crafting_table":6,"born_in_chaos_v1:diamond_termite_shard":3,"minecraft:wheat":1,"minecraft:chainmail_boots":1,"iceandfire:fire_lily":1,"minecraft:leather_leggings":1,"minecraft:lead":1,"minecraft:diamond_sword":1,"soulsweapons:moonstone":18,"mowziesmobs:glowing_jelly":1,"minecraft:potion":1,"minecraft:enchanted_book":1,"minecraft:chain":2,"minecraft:cornflower":1,"minecraft:acacia_door":1,"minecraft:string":12,"minecraft:wooden_sword":1,"born_in_chaos_v1:intoxicating_decoction":1,"minecraft:cobbled_deepslate":70,"minecraft:spruce_planks":5,"minecraft:beef":73,"born_in_chaos_v1:gnawed_bones":1,"minecraft:azalea":1,"minecraft:poppy":1,"minecraft:melon_slice":32,"minecraft:chest":1,"minecraft:iron_boots":1,"minecraft:furnace":2,"minecraft:golden_helmet":1,"minecraft:raw_iron":6,"minecraft:torch":72,"epicfight:skillbook":3,"minecraft:brown_concrete_powder":5,"tombstone:grave_dust":4,"born_in_chaos_v1:pieceofdarkmetal":2,"alexsmobs:leafcutter_ant_pupa":1,"minecraft:dark_oak_planks":32,"minecraft:black_dye":1,"minecraft:tnt":7,"minecraft:arrow":17,"minecraft:rotten_flesh":46,"minecraft:hay_block":20,"born_in_chaos_v1:spiny_shell":4,"minecraft:gold_ingot":6,"artifacts:pocket_piston":1,"minecraft:glow_berries":25,"minecraft:obsidian":13,"minecraft:iron_bars":24,"minecraft:cobblestone":55,"minecraft:air":0,"born_in_chaos_v1:monster_flesh":1,"minecraft:leather":13,"minecraft:flint":1,"minecraft:smoker":2,"alexsmobs:bison_fur":11,"ars_nouveau:wilden_wing":1,"paraglider:spirit_orb":76,"minecraft:tuff":5,"minecraft:oak_log":4,"minecraft:chainmail_chestplate":1,"minecraft:yellow_bed":2,"minecraft:gunpowder":3,"minecraft:lapis_lazuli":30,"minecraft:dirt":9,"born_in_chaos_v1:monster_skin":2,"minecraft:bone":43,"minecraft:chipped_anvil":1,"minecraft:acacia_planks":18,"minecraft:kelp":6,"minecraft:bow":2,"minecraft:wheat_seeds":1,"minecraft:raw_gold":11,"minecraft:iron_ingot":9,"tombstone:bag_of_seeds":2,"minecraft:mossy_stone_bricks":1,"minecraft:diamond_helmet":1,"minecraft:bamboo":22,"minecraft:moss_block":1,"minecraft:iron_sword":1,"minecraft:flowering_azalea":3,"minecraft:black_terracotta":2,"born_in_chaos_v1:ethereal_spirit":1,"minecraft:spyglass":1,"minecraft:poisonous_potato":1,"minecraft:gravel":24,"minecraft:spruce_sapling":4,"blue_skies:fiery_bean_seeds":3,"minecraft:blast_furnace":1,"ars_nouveau:wilden_horn":2,"minecraft:spider_eye":6,"minecraft:leather_helmet":1,"born_in_chaos_v1:fire_dust":2,"minecraft:diamond":39,"wom:diamond_legtopseal":1,"soulsweapons:verglas":7,"tombstone:magic_scroll":1,"minecraft:bricks":2,"minecraft:coal":10},"minecraft:crafted":{"minecraft:oak_planks":16,"minecraft:spyglass":1,"minecraft:flint_and_steel":1,"soulsweapons:moonstone_pickaxe":1,"sophisticatedbackpacks:iron_backpack":2,"minecraft:wheat":180,"minecraft:red_dye":1,"sophisticatedbackpacks:backpack":1,"minecraft:crafting_table":2,"sophisticatedbackpacks:gold_backpack":2,"minecraft:bucket":1,"minecraft:bread":60,"minecraft:blue_dye":1,"sophisticatedbackpacks:diamond_backpack":4,"minecraft:stick":12,"minecraft:iron_pickaxe":1,"minecraft:iron_block":3,"minecraft:acacia_door":3,"minecraft:anvil":1,"minecraft:torch":24,"minecraft:diamond_chestplate":1}},"DataVersion":2975}