{"stats":{"minecraft:custom":{"minecraft:interact_with_anvil":1,"minecraft:mob_kills":156,"minecraft:interact_with_crafting_table":17,"minecraft:open_barrel":46,"minecraft:damage_dealt_resisted":3141,"minecraft:leave_game":2,"minecraft:time_since_death":130002,"minecraft:climb_one_cm":6265,"minecraft:sprint_one_cm":896404,"minecraft:walk_one_cm":757839,"minecraft:drop":60,"minecraft:talked_to_villager":1,"minecraft:play_time":133323,"minecraft:deaths":1,"minecraft:sneak_time":12226,"minecraft:walk_under_water_one_cm":2976,"minecraft:jump":3403,"minecraft:interact_with_blast_furnace":1,"minecraft:walk_on_water_one_cm":26086,"minecraft:total_world_time":133323,"minecraft:interact_with_cartography_table":3,"minecraft:time_since_rest":130118,"minecraft:damage_taken":4572,"minecraft:damage_absorbed":200,"minecraft:trigger_trapped_chest":2,"minecraft:damage_dealt":29182,"minecraft:swim_one_cm":7276,"minecraft:fly_one_cm":1046551,"minecraft:open_chest":122,"minecraft:crouch_one_cm":74152,"tombstone:undead_killed":70,"minecraft:interact_with_smoker":1,"minecraft:fall_one_cm":73222},"minecraft:used":{"minecraft:iron_bars":2,"minecraft:iron_sword":373,"minecraft:torch":75,"minecraft:spyglass":1,"minecraft:anvil":1,"minecraft:carrot":22,"minecraft:tuff":1,"born_in_chaos_v1:smoked_flesh":10,"minecraft:bricks":1,"ars_nouveau:source_berry":8,"minecraft:sweet_berries":3,"tombstone:gift":2,"minecraft:cooked_beef":9,"minecraft:potato":8,"minecraft:cobbled_deepslate":35,"minecraft:acacia_planks":44,"epicfight:skillbook":1,"minecraft:baked_potato":14,"minecraft:oak_planks":2,"tombstone:scroll_of_true_sight":3,"minecraft:golden_apple":6,"minecraft:glow_berries":66,"minecraft:crafting_table":2,"tombstone:bag_of_seeds":2,"minecraft:bread":28,"minecraft:melon_slice":20,"minecraft:iron_pickaxe":275,"minecraft:diamond_sword":214,"minecraft:wooden_sword":11,"minecraft:cobblestone":117,"epicfight:uchigatana":31},"minecraft:killed_by":{"minecraft:player":1},"minecraft:dropped":{"minecraft:bread":6,"minecraft:iron_sword":2,"minecraft:golden_helmet":1,"minecraft:glow_berries":2,"minecraft:cobblestone":13,"minecraft:leather_helmet":1,"minecraft:golden_apple":1,"tombstone:grave_dust":3,"minecraft:wooden_sword":1,"minecraft:bone":1,"minecraft:spyglass":1,"minecraft:wheat":1,"born_in_chaos_v1:smoked_flesh":3,"minecraft:clay_ball":6,"wom:diamond_legtopseal":1,"minecraft:carrot":8,"minecraft:chainmail_chestplate":1,"minecraft:gunpowder":1,"minecraft:melon_seeds":4,"born_in_chaos_v1:diamond_termite_shard":3,"minecraft:chainmail_boots":1,"blue_skies:fiery_bean_seeds":3,"minecraft:iron_bars":7,"minecraft:arrow":2,"epicfight:skillbook":1},"minecraft:mined":{"minecraft:tuff":1,"minecraft:spruce_planks":3,"minecraft:deepslate_diamond_ore":31,"minecraft:mossy_stone_brick_slab":1,"minecraft:cave_vines_plant":8,"minecraft:spruce_leaves":7,"minecraft:moss_block":1,"minecraft:spawner":47,"minecraft:hay_block":24,"minecraft:furnace":2,"minecraft:mossy_cobblestone_stairs":1,"minecraft:fire":3,"minecraft:cobbled_deepslate":9,"treechop:chopped_log":1,"minecraft:deepslate_lapis_ore":5,"soulsweapons:moonstone_ore_deepslate":11,"minecraft:mossy_stone_brick_stairs":1,"minecraft:cave_vines":27,"minecraft:vine":9,"minecraft:iron_bars":29,"minecraft:bamboo":3,"minecraft:azalea":1,"minecraft:stone":1,"minecraft:flowering_azalea":1,"minecraft:glass_pane":1,"soulsweapons:verglas_ore_deepslate":6,"minecraft:crafting_table":2,"born_in_chaos_v1:infected_deepslate_diamond_ore":1,"minecraft:torch":12,"minecraft:blast_furnace":1,"minecraft:melon":4,"minecraft:chest":1,"minecraft:mushroom_stem":1,"minecraft:tall_grass":6,"minecraft:copper_ore":2,"minecraft:cobblestone":37,"minecraft:deepslate_gold_ore":2,"minecraft:bricks":1,"minecraft:wall_torch":22,"minecraft:big_dripleaf":1,"minecraft:black_stained_glass":1,"minecraft:yellow_bed":1,"minecraft:grass":5,"minecraft:oak_log":4,"minecraft:acacia_planks":18,"minecraft:stone_bricks":1,"minecraft:chipped_anvil":1,"minecraft:mossy_stone_bricks":1,"minecraft:oak_leaves":6,"minecraft:deepslate":53,"minecraft:fern":2},"minecraft:killed":{"graveyard:skeleton_creeper":1,"born_in_chaos_v1:restless_spirit":2,"born_in_chaos_v1:door_knight_not_despawn":1,"born_in_chaos_v1:zombie_clown_not_despawn":2,"minecraft:spider":23,"born_in_chaos_v1:thornshell_crab":1,"born_in_chaos_v1:maggot":5,"minecraft:skeleton":25,"alexsmobs:leafcutter_ant":1,"realmrpg_demons:chort":3,"born_in_chaos_v1:skeleton_thrasher":1,"ars_nouveau:summon_wolf":12,"artifacts:mimic":1,"minecraft:zombie_villager":1,"born_in_chaos_v1:diamond_termite":5,"born_in_chaos_v1:swarmer":1,"alexsmobs:seal":1,"minecraft:creeper":1,"born_in_chaos_v1:decrepit_skeleton":6,"minecraft:zombie":26,"alexsmobs:cockroach":1,"ars_nouveau:wilden_stalker":8,"iceandfire:ghost":3,"born_in_chaos_v1:dread_hound":1,"born_in_chaos_v1:corpse_fly":4,"minecraft:stray":3,"ars_nouveau:wilden_hunter":6,"minecraft:cow":4},"minecraft:broken":{"minecraft:iron_pickaxe":1},"minecraft:picked_up":{"born_in_chaos_v1:diamond_termite_shard":3,"minecraft:crafting_table":2,"minecraft:wheat":1,"minecraft:chainmail_boots":1,"minecraft:leather_leggings":1,"minecraft:lead":1,"minecraft:diamond_sword":1,"soulsweapons:moonstone":11,"minecraft:potion":1,"minecraft:enchanted_book":1,"minecraft:chain":2,"minecraft:string":12,"minecraft:wooden_sword":1,"born_in_chaos_v1:intoxicating_decoction":1,"minecraft:cobbled_deepslate":61,"minecraft:spruce_planks":2,"minecraft:beef":8,"born_in_chaos_v1:gnawed_bones":1,"minecraft:melon_slice":20,"minecraft:chest":1,"minecraft:furnace":2,"minecraft:iron_boots":1,"minecraft:golden_helmet":1,"minecraft:torch":39,"epicfight:skillbook":3,"tombstone:grave_dust":4,"born_in_chaos_v1:pieceofdarkmetal":2,"alexsmobs:leafcutter_ant_pupa":1,"minecraft:black_dye":1,"minecraft:rotten_flesh":40,"minecraft:arrow":17,"minecraft:hay_block":20,"born_in_chaos_v1:spiny_shell":4,"artifacts:pocket_piston":1,"minecraft:gold_ingot":6,"minecraft:glow_berries":24,"minecraft:iron_bars":24,"minecraft:cobblestone":35,"born_in_chaos_v1:monster_flesh":1,"minecraft:leather":4,"paraglider:spirit_orb":74,"ars_nouveau:wilden_wing":1,"minecraft:tuff":1,"minecraft:oak_log":4,"minecraft:chainmail_chestplate":1,"minecraft:yellow_bed":1,"minecraft:gunpowder":1,"minecraft:lapis_lazuli":30,"born_in_chaos_v1:monster_skin":2,"minecraft:bone":43,"minecraft:chipped_anvil":1,"minecraft:acacia_planks":18,"minecraft:bow":2,"minecraft:wheat_seeds":1,"minecraft:raw_gold":2,"minecraft:iron_ingot":9,"tombstone:bag_of_seeds":2,"minecraft:mossy_stone_bricks":1,"minecraft:diamond_helmet":1,"minecraft:bamboo":22,"minecraft:moss_block":1,"minecraft:flowering_azalea":1,"minecraft:iron_sword":1,"born_in_chaos_v1:ethereal_spirit":1,"minecraft:spyglass":1,"minecraft:poisonous_potato":1,"minecraft:spruce_sapling":1,"minecraft:blast_furnace":1,"blue_skies:fiery_bean_seeds":3,"ars_nouveau:wilden_horn":1,"minecraft:spider_eye":6,"minecraft:leather_helmet":1,"minecraft:diamond":31,"wom:diamond_legtopseal":1,"soulsweapons:verglas":6,"minecraft:coal":10,"minecraft:bricks":2},"minecraft:crafted":{"minecraft:oak_planks":16,"minecraft:spyglass":1,"sophisticatedbackpacks:iron_backpack":1,"minecraft:wheat":180,"sophisticatedbackpacks:backpack":1,"minecraft:crafting_table":1,"sophisticatedbackpacks:gold_backpack":1,"minecraft:bread":60,"sophisticatedbackpacks:diamond_backpack":1,"minecraft:stick":8,"minecraft:iron_pickaxe":1,"minecraft:iron_block":3,"minecraft:anvil":1,"minecraft:torch":4}},"DataVersion":2975}