{"stats":{"minecraft:used":{"minecraft:iron_bars":2,"minecraft:iron_sword":373,"minecraft:torch":41,"minecraft:spyglass":1,"minecraft:carrot":22,"born_in_chaos_v1:smoked_flesh":7,"minecraft:bricks":1,"ars_nouveau:source_berry":4,"minecraft:sweet_berries":3,"tombstone:gift":2,"minecraft:potato":8,"minecraft:cooked_beef":9,"minecraft:cobbled_deepslate":1,"minecraft:acacia_planks":44,"epicfight:skillbook":1,"minecraft:baked_potato":14,"minecraft:oak_planks":2,"tombstone:scroll_of_true_sight":3,"minecraft:golden_apple":6,"minecraft:glow_berries":29,"minecraft:crafting_table":2,"minecraft:bread":20,"minecraft:iron_pickaxe":175,"minecraft:diamond_sword":157,"minecraft:wooden_sword":11,"minecraft:cobblestone":108,"epicfight:uchigatana":31},"minecraft:mined":{"minecraft:tuff":1,"minecraft:spruce_planks":1,"minecraft:deepslate_diamond_ore":20,"minecraft:mossy_stone_brick_slab":1,"minecraft:cave_vines_plant":8,"minecraft:spruce_leaves":5,"minecraft:spawner":47,"minecraft:hay_block":12,"minecraft:furnace":2,"minecraft:mossy_cobblestone_stairs":1,"treechop:chopped_log":1,"minecraft:mossy_stone_brick_stairs":1,"minecraft:vine":8,"minecraft:cave_vines":24,"minecraft:iron_bars":25,"minecraft:azalea":1,"minecraft:stone":1,"minecraft:crafting_table":2,"minecraft:torch":7,"minecraft:chest":1,"minecraft:mushroom_stem":1,"minecraft:tall_grass":5,"minecraft:copper_ore":2,"minecraft:cobblestone":35,"minecraft:bricks":1,"minecraft:wall_torch":8,"minecraft:big_dripleaf":1,"minecraft:black_stained_glass":1,"minecraft:yellow_bed":1,"minecraft:grass":5,"minecraft:oak_log":4,"minecraft:acacia_planks":18,"minecraft:stone_bricks":1,"minecraft:mossy_stone_bricks":1,"minecraft:oak_leaves":4,"minecraft:deepslate":20,"minecraft:fern":2},"minecraft:dropped":{"minecraft:bread":6,"minecraft:iron_sword":2,"minecraft:golden_helmet":1,"minecraft:cobblestone":10,"minecraft:leather_helmet":1,"minecraft:golden_apple":1,"tombstone:grave_dust":3,"minecraft:wooden_sword":1,"minecraft:bone":1,"minecraft:spyglass":1,"minecraft:wheat":1,"minecraft:clay_ball":6,"wom:diamond_legtopseal":1,"minecraft:carrot":8,"minecraft:chainmail_chestplate":1,"minecraft:gunpowder":1,"minecraft:chainmail_boots":1,"minecraft:iron_bars":7,"minecraft:arrow":2,"epicfight:skillbook":1},"minecraft:custom":{"minecraft:mob_kills":141,"minecraft:interact_with_crafting_table":6,"minecraft:open_barrel":30,"minecraft:damage_dealt_resisted":3141,"minecraft:leave_game":1,"minecraft:time_since_death":92193,"minecraft:climb_one_cm":3240,"minecraft:sprint_one_cm":688254,"minecraft:walk_one_cm":555967,"minecraft:drop":48,"minecraft:talked_to_villager":1,"minecraft:play_time":95514,"minecraft:sneak_time":8078,"minecraft:deaths":1,"minecraft:jump":2284,"minecraft:walk_on_water_one_cm":18261,"minecraft:total_world_time":95514,"minecraft:interact_with_cartography_table":1,"minecraft:time_since_rest":92309,"minecraft:damage_taken":3855,"minecraft:damage_absorbed":200,"minecraft:trigger_trapped_chest":1,"minecraft:damage_dealt":26201,"minecraft:fly_one_cm":728604,"minecraft:open_chest":109,"minecraft:crouch_one_cm":53522,"tombstone:undead_killed":63,"minecraft:fall_one_cm":40221},"minecraft:killed":{"graveyard:skeleton_creeper":1,"born_in_chaos_v1:restless_spirit":2,"born_in_chaos_v1:door_knight_not_despawn":1,"born_in_chaos_v1:zombie_clown_not_despawn":2,"minecraft:spider":23,"born_in_chaos_v1:maggot":4,"minecraft:skeleton":23,"realmrpg_demons:chort":3,"born_in_chaos_v1:skeleton_thrasher":1,"ars_nouveau:summon_wolf":12,"artifacts:mimic":1,"born_in_chaos_v1:diamond_termite":2,"born_in_chaos_v1:swarmer":1,"minecraft:creeper":1,"born_in_chaos_v1:decrepit_skeleton":5,"minecraft:zombie":25,"alexsmobs:cockroach":1,"iceandfire:ghost":1,"ars_nouveau:wilden_stalker":8,"born_in_chaos_v1:dread_hound":1,"born_in_chaos_v1:corpse_fly":4,"minecraft:stray":3,"ars_nouveau:wilden_hunter":6,"minecraft:cow":4},"minecraft:killed_by":{"minecraft:player":1},"minecraft:crafted":{"minecraft:oak_planks":16,"minecraft:spyglass":1,"sophisticatedbackpacks:iron_backpack":1,"sophisticatedbackpacks:backpack":1,"minecraft:crafting_table":1,"minecraft:stick":8,"minecraft:iron_pickaxe":1,"minecraft:torch":4},"minecraft:picked_up":{"minecraft:crafting_table":2,"minecraft:wheat":1,"minecraft:chainmail_boots":1,"minecraft:leather_leggings":1,"minecraft:lead":1,"minecraft:diamond_sword":1,"minecraft:enchanted_book":1,"minecraft:potion":1,"minecraft:chain":2,"minecraft:string":12,"minecraft:wooden_sword":1,"born_in_chaos_v1:intoxicating_decoction":1,"minecraft:cobbled_deepslate":16,"minecraft:beef":8,"born_in_chaos_v1:gnawed_bones":1,"minecraft:chest":1,"minecraft:furnace":2,"minecraft:iron_boots":1,"minecraft:golden_helmet":1,"minecraft:torch":20,"epicfight:skillbook":3,"tombstone:grave_dust":4,"minecraft:black_dye":1,"minecraft:arrow":17,"minecraft:rotten_flesh":36,"minecraft:hay_block":12,"minecraft:gold_ingot":6,"artifacts:pocket_piston":1,"minecraft:glow_berries":21,"minecraft:iron_bars":24,"minecraft:cobblestone":35,"born_in_chaos_v1:monster_flesh":1,"minecraft:leather":4,"ars_nouveau:wilden_wing":1,"paraglider:spirit_orb":70,"minecraft:tuff":1,"minecraft:oak_log":4,"minecraft:chainmail_chestplate":1,"minecraft:yellow_bed":1,"minecraft:gunpowder":1,"born_in_chaos_v1:monster_skin":2,"minecraft:bone":38,"minecraft:acacia_planks":18,"minecraft:bow":2,"minecraft:wheat_seeds":1,"minecraft:iron_ingot":9,"tombstone:bag_of_seeds":1,"minecraft:mossy_stone_bricks":1,"minecraft:diamond_helmet":1,"minecraft:iron_sword":1,"born_in_chaos_v1:ethereal_spirit":1,"minecraft:spyglass":1,"minecraft:poisonous_potato":1,"minecraft:spruce_sapling":1,"minecraft:spider_eye":6,"ars_nouveau:wilden_horn":1,"minecraft:leather_helmet":1,"minecraft:diamond":20,"wom:diamond_legtopseal":1,"minecraft:coal":10,"minecraft:bricks":2}},"DataVersion":2975}