{"stats":{"minecraft:killed":{"born_in_chaos_v1:zombie_clown":1,"born_in_chaos_v1:mr_pumpkin":2,"graveyard:skeleton_creeper":1,"born_in_chaos_v1:restless_spirit":2,"born_in_chaos_v1:door_knight_not_despawn":1,"minecraft:spider":23,"realmrpg_demons:imp_guard":2,"born_in_chaos_v1:scarlet_persecutor":1,"minecraft:skeleton":27,"alexsmobs:leafcutter_ant":1,"realmrpg_demons:chort":5,"born_in_chaos_v1:skeleton_thrasher":1,"soulsweapons:evil_forlorn":1,"born_in_chaos_v1:baby_skeleton_2":1,"born_in_chaos_v1:firelight_not_despawn":2,"artifacts:mimic":1,"minecraft:pig":6,"alexsmobs:grizzly_bear":1,"minecraft:zombie_villager":1,"born_in_chaos_v1:diamond_termite":5,"stalwart_dungeons:giddy_blaze":16,"born_in_chaos_v1:wither_scuttler":1,"alexsmobs:seal":6,"minecraft:creeper":2,"alexsmobs:crimson_mosquito":1,"mowziesmobs:lantern":1,"minecraft:zombie":38,"born_in_chaos_v1:dread_hound":2,"born_in_chaos_v1:corpse_fly":6,"minecraft:stray":3,"born_in_chaos_v1:door_knight":1,"minecraft:blaze":2,"minecraft:cow":13,"minecraft:evoker":2,"born_in_chaos_v1:zombie_clown_not_despawn":2,"alexsmobs:raccoon":1,"minecraft:vindicator":9,"born_in_chaos_v1:thornshell_crab":1,"born_in_chaos_v1:zombie_bruiser":1,"born_in_chaos_v1:firelight":2,"born_in_chaos_v1:maggot":12,"alexsmobs:gorilla":1,"stalwart_dungeons:nether_wart_cocoon":9,"born_in_chaos_v1:corpse_fish":1,"minecraft:drowned":1,"ars_nouveau:summon_wolf":15,"alexsmobs:bison":8,"born_in_chaos_v1:mr_pumpkin_controlled":1,"born_in_chaos_v1:fallen_chaos_knight":1,"born_in_chaos_v1:felsteed":1,"graveyard:ghoul":2,"ars_nouveau:starbuncle":1,"born_in_chaos_v1:swarmer":1,"minecraft:hoglin":1,"born_in_chaos_v1:decrepit_skeleton":7,"alexsmobs:cockroach":1,"iceandfire:ghost":8,"ars_nouveau:wilden_stalker":8,"ars_nouveau:whirlisprig":1,"ars_nouveau:wilden_hunter":8},"minecraft:custom":{"minecraft:interact_with_crafting_table":34,"minecraft:open_barrel":59,"minecraft:leave_game":7,"minecraft:time_since_death":31660,"minecraft:damage_resisted":73,"minecraft:sprint_one_cm":1659922,"minecraft:drop":125,"minecraft:talked_to_villager":1,"minecraft:play_time":291759,"minecraft:deaths":4,"minecraft:jump":7217,"minecraft:walk_on_water_one_cm":82086,"minecraft:interact_with_furnace":15,"minecraft:interact_with_cartography_table":3,"minecraft:sleep_in_bed":2,"minecraft:damage_dealt":59766,"minecraft:player_kills":16,"minecraft:crouch_one_cm":144538,"tombstone:undead_killed":98,"minecraft:interact_with_smoker":21,"minecraft:inspect_dispenser":5,"minecraft:mob_kills":294,"minecraft:interact_with_anvil":3,"minecraft:damage_dealt_resisted":4987,"minecraft:climb_one_cm":13111,"minecraft:walk_one_cm":1683366,"minecraft:sneak_time":25660,"minecraft:walk_under_water_one_cm":41336,"minecraft:interact_with_blast_furnace":5,"minecraft:total_world_time":291759,"tombstone:raider_killed":11,"minecraft:time_since_rest":31683,"minecraft:damage_taken":12700,"minecraft:damage_absorbed":287,"minecraft:trigger_trapped_chest":5,"minecraft:swim_one_cm":86625,"minecraft:fly_one_cm":2226656,"minecraft:open_chest":154,"minecraft:fall_one_cm":170879},"minecraft:used":{"minecraft:iron_sword":373,"minecraft:carrot":22,"minecraft:tuff":5,"minecraft:snowball":9,"minecraft:obsidian":4,"born_in_chaos_v1:smoked_flesh":10,"minecraft:bricks":1,"minecraft:crimson_roots":1,"ars_nouveau:source_berry":10,"minecraft:sweet_berries":3,"minecraft:furnace":2,"minecraft:potato":24,"minecraft:golden_boots":1,"epicfight:skillbook":3,"minecraft:oak_planks":2,"minecraft:diamond_axe":3,"tombstone:scroll_of_true_sight":3,"stalwart_dungeons:transient_block_close":1,"minecraft:golden_apple":7,"minecraft:glow_berries":66,"minecraft:blast_furnace":1,"minecraft:acacia_door":6,"minecraft:melon_slice":32,"minecraft:bread":80,"minecraft:gravel":19,"minecraft:nether_wart_block":7,"minecraft:diamond_sword":705,"born_in_chaos_v1:mesh_door":1,"minecraft:wooden_sword":11,"wom:moonless":116,"minecraft:iron_bars":2,"minecraft:flint_and_steel":3,"minecraft:spruce_planks":3,"minecraft:netherrack":2,"minecraft:torch":164,"minecraft:spyglass":1,"minecraft:anvil":1,"minecraft:diamond_helmet":1,"mowziesmobs:glowing_jelly":1,"minecraft:chipped_anvil":2,"minecraft:iron_axe":109,"minecraft:totem_of_undying":1,"minecraft:diamond_chestplate":1,"minecraft:beef":17,"tombstone:gift":6,"minecraft:cooked_beef":49,"minecraft:acacia_planks":44,"minecraft:cobbled_deepslate":46,"minecraft:water_bucket":11,"minecraft:baked_potato":14,"soulsweapons:moonstone_pickaxe":40,"minecraft:crafting_table":9,"minecraft:smoker":2,"minecraft:oak_log":1,"tombstone:bag_of_seeds":2,"minecraft:diamond_pickaxe":8,"minecraft:diamond_shovel":57,"minecraft:iron_pickaxe":511,"minecraft:cobblestone":171,"minecraft:porkchop":5,"minecraft:bucket":12,"minecraft:yellow_bed":2,"epicfight:uchigatana":31},"minecraft:dropped":{"minecraft:iron_sword":2,"minecraft:cooked_beef":19,"minecraft:weeping_vines":4,"minecraft:glow_berries":3,"iceandfire:ectoplasm":1,"born_in_chaos_v1:pieceofdarkmetal":2,"minecraft:leather_helmet":1,"paraglider:spirit_orb":1,"minecraft:dirt":6,"minecraft:crimson_roots":1,"minecraft:wooden_sword":1,"minecraft:acacia_door":2,"minecraft:dark_oak_planks":32,"minecraft:bone":4,"minecraft:gold_ingot":11,"minecraft:gravel":16,"minecraft:spyglass":1,"minecraft:iron_nugget":2,"minecraft:cobbled_deepslate":8,"ars_nouveau:wilden_spike":1,"minecraft:nether_brick":6,"minecraft:wheat":1,"minecraft:obsidian":4,"minecraft:rotten_flesh":20,"minecraft:black_terracotta":2,"born_in_chaos_v1:smoked_flesh":3,"iceandfire:fire_lily":1,"minecraft:carrot":8,"sophisticatedbackpacks:diamond_backpack":1,"minecraft:chainmail_chestplate":1,"minecraft:gunpowder":4,"minecraft:melon_seeds":4,"born_in_chaos_v1:diamond_termite_shard":3,"minecraft:azalea":1,"minecraft:chainmail_boots":2,"minecraft:iron_bars":7,"minecraft:arrow":2,"minecraft:netherrack":11,"minecraft:iron_ingot":1,"minecraft:bread":6,"born_in_chaos_v1:intoxicating_decoction":2,"minecraft:black_dye":1,"minecraft:golden_helmet":1,"minecraft:cobblestone":13,"minecraft:golden_apple":1,"minecraft:stick":3,"minecraft:brown_concrete_powder":5,"minecraft:torch":5,"tombstone:grave_dust":3,"soulsweapons:forlorn_chestplate":1,"minecraft:kelp":6,"minecraft:clay_ball":6,"wom:diamond_legtopseal":1,"minecraft:red_nether_brick_stairs":1,"minecraft:spruce_planks":2,"minecraft:oak_sapling":1,"blue_skies:fiery_bean_seeds":3,"minecraft:magma_block":1,"epicfight:skillbook":1},"minecraft:mined":{"minecraft:spruce_planks":5,"minecraft:mossy_stone_brick_slab":1,"minecraft:red_nether_bricks":2,"minecraft:obsidian":23,"minecraft:cave_vines_plant":9,"minecraft:grass_block":4,"minecraft:spawner":48,"minecraft:tall_seagrass":1,"minecraft:magma_block":1,"minecraft:mossy_cobblestone_stairs":1,"minecraft:red_nether_brick_stairs":2,"minecraft:cobbled_deepslate":9,"minecraft:fire":12,"minecraft:deepslate_lapis_ore":5,"minecraft:cave_vines":30,"minecraft:iron_bars":29,"minecraft:azalea":2,"minecraft:tripwire":1,"minecraft:crimson_nylium":2,"soulsweapons:verglas_ore_deepslate":7,"minecraft:smoker":4,"stalwart_dungeons:transient_block_close":19,"minecraft:clay":1,"born_in_chaos_v1:infected_deepslate_diamond_ore":1,"minecraft:torch":52,"minecraft:blast_furnace":2,"minecraft:poppy":1,"minecraft:melon":6,"minecraft:chest":1,"minecraft:mushroom_stem":1,"iceandfire:fire_lily":1,"minecraft:nether_quartz_ore":48,"minecraft:cobblestone":40,"minecraft:oak_planks":10,"minecraft:bricks":1,"minecraft:wall_torch":34,"minecraft:seagrass":1,"minecraft:tnt":9,"minecraft:grass":20,"minecraft:oak_log":5,"minecraft:sand":57,"minecraft:dirt":1,"minecraft:netherrack":21,"minecraft:oak_leaves":15,"minecraft:deepslate":67,"minecraft:tuff":6,"minecraft:deepslate_diamond_ore":39,"minecraft:nether_bricks":12,"minecraft:glow_lichen":1,"minecraft:crimson_roots":3,"minecraft:spruce_leaves":27,"minecraft:kelp":4,"minecraft:moss_block":1,"minecraft:sandstone":2,"minecraft:hay_block":24,"minecraft:furnace":4,"treechop:chopped_log":2,"minecraft:gold_block":1,"soulsweapons:moonstone_ore_deepslate":18,"minecraft:mossy_stone_brick_stairs":1,"minecraft:bookshelf":91,"minecraft:deepslate_iron_ore":6,"minecraft:vine":14,"minecraft:bamboo":3,"minecraft:stone":1,"minecraft:flowering_azalea":3,"minecraft:glass_pane":6,"minecraft:soul_sand":2,"minecraft:crafting_table":7,"minecraft:cornflower":1,"minecraft:tall_grass":11,"minecraft:copper_ore":2,"minecraft:deepslate_gold_ore":11,"minecraft:big_dripleaf":1,"minecraft:black_stained_glass":1,"minecraft:yellow_bed":3,"minecraft:gravel":27,"minecraft:cobweb":1,"minecraft:acacia_planks":18,"minecraft:stone_bricks":1,"minecraft:mossy_stone_bricks":1,"minecraft:chipped_anvil":3,"minecraft:fern":3},"minecraft:broken":{"minecraft:golden_boots":2,"minecraft:iron_boots":1,"minecraft:chainmail_chestplate":1,"minecraft:iron_axe":1,"minecraft:iron_pickaxe":1},"minecraft:picked_up":{"minecraft:wheat":1,"minecraft:chainmail_boots":2,"minecraft:lead":1,"minecraft:diamond_sword":1,"soulsweapons:moonstone":18,"minecraft:potion":1,"minecraft:enchanted_book":1,"minecraft:nether_brick":15,"born_in_chaos_v1:mesh_door":1,"minecraft:string":12,"minecraft:shroomlight":1,"alexsmobs:blood_sac":1,"minecraft:cobbled_deepslate":71,"minecraft:spruce_planks":5,"minecraft:azalea":1,"minecraft:melon_slice":32,"minecraft:furnace":4,"minecraft:iron_boots":1,"minecraft:golden_helmet":1,"minecraft:torch":91,"minecraft:porkchop":14,"epicfight:skillbook":4,"tombstone:grave_dust":4,"minecraft:chiseled_nether_bricks":1,"minecraft:black_dye":1,"minecraft:rotten_flesh":66,"minecraft:blaze_rod":16,"minecraft:obsidian":25,"minecraft:iron_bars":24,"minecraft:snowball":9,"minecraft:cobblestone":58,"minecraft:magma_block":1,"epicfight:stone_spear":1,"minecraft:smoker":4,"alexsmobs:bison_fur":11,"paraglider:spirit_orb":76,"minecraft:flint":1,"minecraft:tuff":5,"minecraft:lapis_lazuli":30,"minecraft:dirt":43,"born_in_chaos_v1:monster_skin":2,"minecraft:bone":48,"minecraft:chipped_anvil":3,"minecraft:acacia_planks":18,"minecraft:bow":2,"minecraft:wheat_seeds":1,"minecraft:raw_gold":11,"minecraft:mossy_stone_bricks":1,"minecraft:diamond_helmet":1,"minecraft:bamboo":22,"minecraft:moss_block":1,"minecraft:oak_planks":15,"minecraft:black_terracotta":2,"minecraft:poisonous_potato":1,"minecraft:sand":35,"ars_nouveau:wilden_horn":3,"born_in_chaos_v1:fire_dust":3,"minecraft:diamond":44,"soulsweapons:verglas":7,"minecraft:emerald":6,"minecraft:oak_sapling":1,"minecraft:netherrack":23,"minecraft:bricks":2,"minecraft:crimson_roots":2,"born_in_chaos_v1:diamond_termite_shard":3,"minecraft:crafting_table":7,"minecraft:leather_leggings":1,"born_in_chaos_v1:seedof_chaos":1,"iceandfire:fire_lily":1,"mowziesmobs:glowing_jelly":1,"minecraft:gold_block":1,"minecraft:chain":2,"minecraft:cornflower":1,"minecraft:iron_axe":2,"minecraft:wooden_sword":1,"minecraft:acacia_door":1,"born_in_chaos_v1:intoxicating_decoction":3,"minecraft:blackstone":13,"minecraft:beef":85,"born_in_chaos_v1:gnawed_bones":1,"minecraft:iron_nugget":4,"minecraft:poppy":1,"minecraft:chest":1,"minecraft:raw_iron":6,"minecraft:fire_charge":1,"soulsweapons:forlorn_chestplate":1,"minecraft:brown_concrete_powder":5,"born_in_chaos_v1:pieceofdarkmetal":8,"minecraft:redstone":3,"alexsmobs:leafcutter_ant_pupa":1,"minecraft:dark_oak_planks":35,"minecraft:weeping_vines":5,"minecraft:tnt":7,"minecraft:arrow":22,"minecraft:nether_bricks":12,"minecraft:hay_block":20,"minecraft:totem_of_undying":2,"born_in_chaos_v1:spiny_shell":4,"artifacts:pocket_piston":1,"minecraft:gold_ingot":10,"minecraft:glow_berries":25,"born_in_chaos_v1:corpse_maggot":1,"minecraft:air":0,"born_in_chaos_v1:monster_flesh":1,"minecraft:leather":20,"ars_nouveau:wilden_wing":1,"minecraft:oak_log":5,"minecraft:chainmail_chestplate":1,"minecraft:yellow_bed":3,"minecraft:nether_wart_block":18,"minecraft:gunpowder":4,"minecraft:red_nether_brick_stairs":1,"minecraft:kelp":6,"minecraft:iron_ingot":15,"tombstone:bag_of_seeds":2,"minecraft:flowering_azalea":3,"minecraft:iron_sword":1,"sophisticatedbackpacks:diamond_backpack":1,"stalwart_dungeons:transient_block_close":19,"minecraft:book":254,"minecraft:quartz":48,"born_in_chaos_v1:ethereal_spirit":2,"minecraft:spyglass":1,"minecraft:gravel":35,"minecraft:spruce_sapling":4,"blue_skies:fiery_bean_seeds":3,"minecraft:blast_furnace":1,"minecraft:spider_eye":6,"minecraft:leather_helmet":1,"ars_nouveau:wilden_spike":1,"wom:diamond_legtopseal":1,"minecraft:diamond_axe":1,"tombstone:magic_scroll":2,"minecraft:coal":41},"minecraft:killed_by":{"minecraft:player":4},"minecraft:crafted":{"minecraft:oak_planks":16,"minecraft:golden_boots":2,"sophisticatedbackpacks:backpack":1,"minecraft:crafting_table":3,"sophisticatedbackpacks:diamond_backpack":4,"minecraft:stick":12,"minecraft:iron_ingot":1,"minecraft:iron_pickaxe":1,"minecraft:iron_block":3,"minecraft:acacia_door":9,"minecraft:gold_ingot":9,"minecraft:spyglass":1,"minecraft:flint_and_steel":1,"soulsweapons:moonstone_pickaxe":1,"minecraft:wheat":180,"sophisticatedbackpacks:iron_backpack":2,"minecraft:cooked_beef":55,"minecraft:red_dye":1,"sophisticatedbackpacks:gold_backpack":2,"minecraft:bucket":1,"minecraft:bread":60,"minecraft:air":0,"minecraft:blue_dye":1,"minecraft:anvil":1,"minecraft:torch":24,"minecraft:diamond_chestplate":1}},"DataVersion":2975}