{"stats":{"minecraft:mined":{"minecraft:crafting_table":1,"minecraft:torch":1,"minecraft:chest":1,"minecraft:mushroom_stem":1,"minecraft:tall_grass":3,"minecraft:bricks":1,"minecraft:spawner":10,"minecraft:hay_block":12,"minecraft:black_stained_glass":1,"minecraft:furnace":2,"treechop:chopped_log":1,"minecraft:yellow_bed":1,"minecraft:grass":5,"minecraft:oak_log":4,"minecraft:vine":1,"minecraft:iron_bars":8,"minecraft:oak_leaves":4,"minecraft:fern":2},"minecraft:used":{"epicfight:skillbook":1,"minecraft:iron_bars":2,"minecraft:baked_potato":7,"minecraft:oak_planks":2,"minecraft:iron_sword":179,"minecraft:torch":6,"minecraft:golden_apple":1,"minecraft:glow_berries":3,"minecraft:crafting_table":1,"born_in_chaos_v1:smoked_flesh":6,"minecraft:bricks":1,"minecraft:bread":11,"minecraft:iron_pickaxe":23,"minecraft:wooden_sword":11,"minecraft:sweet_berries":3,"tombstone:gift":2},"minecraft:dropped":{"minecraft:bread":6,"minecraft:iron_sword":1,"tombstone:grave_dust":2,"minecraft:iron_bars":2},"minecraft:custom":{"minecraft:mob_kills":45,"minecraft:interact_with_crafting_table":5,"minecraft:open_barrel":19,"minecraft:damage_dealt_resisted":1120,"minecraft:leave_game":1,"minecraft:time_since_death":26193,"minecraft:climb_one_cm":802,"minecraft:time_since_rest":26309,"minecraft:sprint_one_cm":175600,"minecraft:walk_one_cm":206730,"minecraft:damage_taken":1411,"minecraft:damage_absorbed":40,"minecraft:trigger_trapped_chest":1,"minecraft:drop":10,"minecraft:damage_dealt":8560,"minecraft:talked_to_villager":1,"minecraft:fly_one_cm":203946,"minecraft:open_chest":34,"minecraft:crouch_one_cm":12337,"minecraft:play_time":29514,"tombstone:undead_killed":11,"minecraft:deaths":1,"minecraft:sneak_time":1611,"minecraft:jump":581,"minecraft:walk_on_water_one_cm":2992,"minecraft:total_world_time":29514,"minecraft:fall_one_cm":10615},"minecraft:killed":{"born_in_chaos_v1:restless_spirit":2,"born_in_chaos_v1:swarmer":1,"born_in_chaos_v1:door_knight_not_despawn":1,"born_in_chaos_v1:zombie_clown_not_despawn":2,"minecraft:spider":11,"born_in_chaos_v1:decrepit_skeleton":4,"born_in_chaos_v1:maggot":2,"minecraft:skeleton":1,"minecraft:zombie":1,"ars_nouveau:wilden_stalker":2,"iceandfire:ghost":1,"born_in_chaos_v1:dread_hound":1,"born_in_chaos_v1:corpse_fly":4,"ars_nouveau:summon_wolf":4,"ars_nouveau:wilden_hunter":2,"minecraft:cow":4},"minecraft:killed_by":{"minecraft:player":1},"minecraft:crafted":{"minecraft:oak_planks":16,"sophisticatedbackpacks:backpack":1,"minecraft:crafting_table":1,"minecraft:stick":8,"minecraft:iron_pickaxe":1,"minecraft:torch":4,"sophisticatedbackpacks:iron_backpack":1},"minecraft:picked_up":{"minecraft:crafting_table":1,"born_in_chaos_v1:monster_flesh":1,"minecraft:leather":4,"minecraft:lead":1,"paraglider:spirit_orb":14,"ars_nouveau:wilden_wing":1,"minecraft:oak_log":4,"minecraft:chain":2,"minecraft:yellow_bed":1,"minecraft:string":12,"minecraft:wooden_sword":1,"born_in_chaos_v1:monster_skin":2,"born_in_chaos_v1:intoxicating_decoction":1,"minecraft:bone":7,"minecraft:wheat_seeds":1,"minecraft:beef":8,"minecraft:iron_ingot":2,"born_in_chaos_v1:gnawed_bones":1,"minecraft:chest":1,"minecraft:iron_sword":1,"minecraft:furnace":2,"minecraft:poisonous_potato":1,"tombstone:grave_dust":3,"ars_nouveau:wilden_horn":1,"minecraft:spider_eye":5,"minecraft:arrow":1,"minecraft:rotten_flesh":17,"minecraft:hay_block":12,"minecraft:gold_ingot":1,"minecraft:iron_bars":6,"minecraft:bricks":1,"minecraft:coal":8}},"DataVersion":2975}