{"stats":{"minecraft:used":{"minecraft:bread":1,"minecraft:iron_pickaxe":1,"minecraft:oak_planks":2,"minecraft:iron_sword":88,"minecraft:golden_apple":1,"minecraft:glow_berries":3,"minecraft:sweet_berries":3,"minecraft:crafting_table":1,"tombstone:gift":2},"minecraft:mined":{"minecraft:hay_block":6,"treechop:chopped_log":1,"minecraft:crafting_table":1,"minecraft:grass":5,"minecraft:oak_log":4,"minecraft:mushroom_stem":1,"minecraft:tall_grass":3,"minecraft:oak_leaves":4,"minecraft:fern":2},"minecraft:custom":{"minecraft:time_since_rest":8309,"minecraft:sprint_one_cm":49762,"minecraft:damage_absorbed":40,"minecraft:damage_taken":491,"minecraft:walk_one_cm":81697,"minecraft:mob_kills":18,"minecraft:damage_dealt":3882,"minecraft:interact_with_crafting_table":1,"minecraft:fly_one_cm":106541,"minecraft:open_barrel":12,"minecraft:open_chest":7,"minecraft:crouch_one_cm":4749,"minecraft:play_time":11514,"tombstone:undead_killed":6,"minecraft:deaths":1,"minecraft:sneak_time":767,"minecraft:damage_dealt_resisted":1030,"minecraft:jump":336,"minecraft:leave_game":1,"minecraft:time_since_death":8193,"minecraft:total_world_time":11514,"minecraft:climb_one_cm":802,"minecraft:fall_one_cm":6044},"minecraft:killed_by":{"minecraft:player":1},"minecraft:killed":{"ars_nouveau:wilden_stalker":2,"born_in_chaos_v1:restless_spirit":1,"born_in_chaos_v1:door_knight_not_despawn":1,"born_in_chaos_v1:zombie_clown_not_despawn":2,"minecraft:spider":5,"born_in_chaos_v1:decrepit_skeleton":3,"minecraft:cow":4},"minecraft:crafted":{"minecraft:oak_planks":16,"minecraft:crafting_table":1,"minecraft:stick":4,"minecraft:iron_pickaxe":1},"minecraft:picked_up":{"minecraft:leather":4,"minecraft:lead":1,"minecraft:poisonous_potato":1,"ars_nouveau:wilden_wing":1,"minecraft:oak_log":4,"minecraft:chain":2,"tombstone:grave_dust":1,"minecraft:spider_eye":4,"minecraft:string":6,"minecraft:bone":5,"born_in_chaos_v1:intoxicating_decoction":1,"minecraft:rotten_flesh":10,"minecraft:wheat_seeds":1,"minecraft:hay_block":6,"minecraft:iron_ingot":2,"minecraft:beef":8,"minecraft:gold_ingot":1}},"DataVersion":2975}