{"stats":{"minecraft:custom":{"minecraft:interact_with_anvil":1,"minecraft:mob_kills":176,"minecraft:interact_with_crafting_table":25,"minecraft:open_barrel":59,"minecraft:damage_dealt_resisted":3321,"minecraft:leave_game":4,"minecraft:time_since_death":181685,"minecraft:climb_one_cm":10500,"minecraft:sprint_one_cm":1159574,"minecraft:walk_one_cm":997270,"minecraft:drop":69,"minecraft:talked_to_villager":1,"minecraft:play_time":185006,"minecraft:sneak_time":17300,"minecraft:deaths":1,"minecraft:walk_under_water_one_cm":26021,"minecraft:jump":4807,"minecraft:interact_with_blast_furnace":1,"minecraft:walk_on_water_one_cm":62949,"minecraft:total_world_time":185006,"minecraft:interact_with_cartography_table":3,"minecraft:sleep_in_bed":1,"minecraft:time_since_rest":16414,"minecraft:damage_taken":6359,"minecraft:damage_absorbed":200,"minecraft:trigger_trapped_chest":4,"minecraft:damage_dealt":33652,"minecraft:swim_one_cm":53934,"minecraft:fly_one_cm":1441801,"minecraft:open_chest":135,"minecraft:crouch_one_cm":99401,"tombstone:undead_killed":79,"minecraft:interact_with_smoker":1,"minecraft:fall_one_cm":104061,"minecraft:inspect_dispenser":5},"minecraft:used":{"minecraft:iron_bars":2,"minecraft:spruce_planks":3,"minecraft:iron_sword":373,"minecraft:torch":119,"minecraft:spyglass":1,"minecraft:anvil":1,"minecraft:carrot":22,"minecraft:tuff":5,"born_in_chaos_v1:smoked_flesh":10,"minecraft:bricks":1,"minecraft:diamond_chestplate":1,"ars_nouveau:source_berry":8,"minecraft:sweet_berries":3,"tombstone:gift":2,"minecraft:cooked_beef":9,"minecraft:potato":8,"minecraft:cobbled_deepslate":45,"minecraft:acacia_planks":44,"minecraft:water_bucket":8,"epicfight:skillbook":1,"minecraft:baked_potato":14,"minecraft:oak_planks":2,"soulsweapons:moonstone_pickaxe":35,"tombstone:scroll_of_true_sight":3,"minecraft:golden_apple":6,"minecraft:glow_berries":66,"minecraft:crafting_table":7,"tombstone:bag_of_seeds":2,"minecraft:acacia_door":2,"minecraft:bread":70,"minecraft:melon_slice":20,"minecraft:iron_pickaxe":352,"minecraft:diamond_sword":305,"minecraft:wooden_sword":11,"minecraft:cobblestone":138,"minecraft:bucket":9,"minecraft:yellow_bed":1,"wom:moonless":6,"epicfight:uchigatana":31},"minecraft:killed_by":{"minecraft:player":1},"minecraft:dropped":{"minecraft:bread":6,"minecraft:iron_sword":2,"minecraft:golden_helmet":1,"minecraft:cobblestone":13,"minecraft:glow_berries":3,"iceandfire:ectoplasm":1,"minecraft:leather_helmet":1,"minecraft:golden_apple":1,"minecraft:stick":3,"minecraft:brown_concrete_powder":5,"minecraft:torch":5,"tombstone:grave_dust":3,"minecraft:wooden_sword":1,"minecraft:dark_oak_planks":32,"minecraft:bone":1,"minecraft:spyglass":1,"minecraft:cobbled_deepslate":8,"minecraft:wheat":1,"minecraft:black_terracotta":2,"born_in_chaos_v1:smoked_flesh":3,"minecraft:clay_ball":6,"wom:diamond_legtopseal":1,"minecraft:carrot":8,"minecraft:chainmail_chestplate":1,"minecraft:gunpowder":1,"minecraft:melon_seeds":4,"minecraft:azalea":1,"born_in_chaos_v1:diamond_termite_shard":3,"minecraft:chainmail_boots":1,"blue_skies:fiery_bean_seeds":3,"minecraft:iron_bars":7,"minecraft:arrow":2,"epicfight:skillbook":1},"minecraft:mined":{"minecraft:tuff":6,"minecraft:spruce_planks":5,"minecraft:deepslate_diamond_ore":39,"minecraft:mossy_stone_brick_slab":1,"minecraft:obsidian":13,"minecraft:glow_lichen":1,"minecraft:cave_vines_plant":9,"minecraft:grass_block":3,"minecraft:spruce_leaves":27,"minecraft:kelp":4,"minecraft:moss_block":1,"minecraft:spawner":48,"minecraft:hay_block":24,"minecraft:tall_seagrass":1,"minecraft:furnace":2,"minecraft:mossy_cobblestone_stairs":1,"minecraft:cobbled_deepslate":9,"minecraft:fire":3,"treechop:chopped_log":1,"minecraft:deepslate_lapis_ore":5,"soulsweapons:moonstone_ore_deepslate":18,"minecraft:mossy_stone_brick_stairs":1,"minecraft:cave_vines":30,"minecraft:deepslate_iron_ore":6,"minecraft:vine":13,"minecraft:iron_bars":29,"minecraft:bamboo":3,"minecraft:azalea":2,"minecraft:stone":1,"minecraft:tripwire":1,"minecraft:flowering_azalea":3,"minecraft:glass_pane":1,"minecraft:soul_sand":2,"minecraft:smoker":2,"soulsweapons:verglas_ore_deepslate":7,"minecraft:clay":1,"minecraft:crafting_table":6,"born_in_chaos_v1:infected_deepslate_diamond_ore":1,"minecraft:torch":28,"minecraft:blast_furnace":1,"minecraft:melon":6,"minecraft:chest":1,"minecraft:mushroom_stem":1,"minecraft:copper_ore":2,"minecraft:tall_grass":11,"minecraft:cobblestone":38,"minecraft:deepslate_gold_ore":11,"minecraft:bricks":1,"minecraft:wall_torch":31,"minecraft:big_dripleaf":1,"minecraft:seagrass":1,"minecraft:black_stained_glass":1,"minecraft:tnt":9,"minecraft:yellow_bed":2,"minecraft:grass":12,"minecraft:oak_log":4,"minecraft:gravel":8,"minecraft:cobweb":1,"minecraft:acacia_planks":18,"minecraft:stone_bricks":1,"minecraft:mossy_stone_bricks":1,"minecraft:chipped_anvil":1,"minecraft:deepslate":67,"minecraft:oak_leaves":11,"minecraft:fern":2},"minecraft:killed":{"graveyard:skeleton_creeper":1,"born_in_chaos_v1:restless_spirit":2,"born_in_chaos_v1:door_knight_not_despawn":1,"born_in_chaos_v1:zombie_clown_not_despawn":2,"minecraft:spider":23,"born_in_chaos_v1:thornshell_crab":1,"born_in_chaos_v1:maggot":6,"minecraft:skeleton":25,"alexsmobs:leafcutter_ant":1,"minecraft:drowned":1,"alexsmobs:bison":4,"realmrpg_demons:chort":3,"born_in_chaos_v1:skeleton_thrasher":1,"ars_nouveau:summon_wolf":13,"born_in_chaos_v1:baby_skeleton_2":1,"born_in_chaos_v1:firelight_not_despawn":2,"artifacts:mimic":1,"graveyard:ghoul":1,"minecraft:zombie_villager":1,"born_in_chaos_v1:diamond_termite":5,"born_in_chaos_v1:swarmer":1,"alexsmobs:seal":1,"minecraft:creeper":1,"born_in_chaos_v1:decrepit_skeleton":6,"minecraft:zombie":30,"alexsmobs:cockroach":1,"ars_nouveau:wilden_stalker":8,"iceandfire:ghost":5,"born_in_chaos_v1:dread_hound":2,"born_in_chaos_v1:corpse_fly":4,"minecraft:stray":3,"ars_nouveau:wilden_hunter":7,"minecraft:cow":4},"minecraft:broken":{"minecraft:iron_boots":1,"minecraft:chainmail_chestplate":1,"minecraft:iron_pickaxe":1},"minecraft:picked_up":{"born_in_chaos_v1:diamond_termite_shard":3,"minecraft:crafting_table":6,"minecraft:wheat":1,"minecraft:chainmail_boots":1,"minecraft:leather_leggings":1,"minecraft:lead":1,"minecraft:diamond_sword":1,"soulsweapons:moonstone":18,"minecraft:potion":1,"minecraft:enchanted_book":1,"minecraft:chain":2,"minecraft:string":12,"minecraft:wooden_sword":1,"born_in_chaos_v1:intoxicating_decoction":1,"minecraft:cobbled_deepslate":70,"minecraft:spruce_planks":4,"minecraft:beef":38,"born_in_chaos_v1:gnawed_bones":1,"minecraft:azalea":1,"minecraft:melon_slice":32,"minecraft:chest":1,"minecraft:furnace":2,"minecraft:iron_boots":1,"minecraft:golden_helmet":1,"minecraft:raw_iron":6,"minecraft:torch":65,"epicfight:skillbook":3,"minecraft:brown_concrete_powder":5,"tombstone:grave_dust":4,"born_in_chaos_v1:pieceofdarkmetal":2,"alexsmobs:leafcutter_ant_pupa":1,"minecraft:tnt":7,"minecraft:dark_oak_planks":32,"minecraft:black_dye":1,"minecraft:arrow":17,"minecraft:rotten_flesh":46,"minecraft:hay_block":20,"born_in_chaos_v1:spiny_shell":4,"artifacts:pocket_piston":1,"minecraft:gold_ingot":6,"minecraft:glow_berries":25,"minecraft:obsidian":13,"minecraft:iron_bars":24,"minecraft:cobblestone":55,"born_in_chaos_v1:monster_flesh":1,"minecraft:leather":4,"minecraft:smoker":2,"alexsmobs:bison_fur":7,"paraglider:spirit_orb":76,"ars_nouveau:wilden_wing":1,"minecraft:tuff":5,"minecraft:oak_log":4,"minecraft:chainmail_chestplate":1,"minecraft:yellow_bed":2,"minecraft:gunpowder":1,"minecraft:lapis_lazuli":30,"born_in_chaos_v1:monster_skin":2,"minecraft:bone":43,"minecraft:chipped_anvil":1,"minecraft:acacia_planks":18,"minecraft:kelp":2,"minecraft:bow":2,"minecraft:wheat_seeds":1,"minecraft:raw_gold":11,"minecraft:iron_ingot":9,"tombstone:bag_of_seeds":2,"minecraft:mossy_stone_bricks":1,"minecraft:diamond_helmet":1,"minecraft:bamboo":22,"minecraft:moss_block":1,"minecraft:iron_sword":1,"minecraft:flowering_azalea":3,"minecraft:black_terracotta":2,"born_in_chaos_v1:ethereal_spirit":1,"minecraft:gravel":6,"minecraft:spyglass":1,"minecraft:poisonous_potato":1,"minecraft:spruce_sapling":4,"blue_skies:fiery_bean_seeds":3,"minecraft:blast_furnace":1,"ars_nouveau:wilden_horn":2,"minecraft:spider_eye":6,"minecraft:leather_helmet":1,"born_in_chaos_v1:fire_dust":2,"minecraft:diamond":39,"wom:diamond_legtopseal":1,"soulsweapons:verglas":7,"tombstone:magic_scroll":1,"minecraft:bricks":2,"minecraft:coal":10},"minecraft:crafted":{"minecraft:oak_planks":16,"minecraft:spyglass":1,"soulsweapons:moonstone_pickaxe":1,"sophisticatedbackpacks:iron_backpack":2,"minecraft:wheat":180,"sophisticatedbackpacks:backpack":1,"minecraft:crafting_table":2,"sophisticatedbackpacks:gold_backpack":2,"minecraft:bucket":1,"minecraft:bread":60,"sophisticatedbackpacks:diamond_backpack":2,"minecraft:stick":12,"minecraft:iron_pickaxe":1,"minecraft:iron_block":3,"minecraft:acacia_door":3,"minecraft:anvil":1,"minecraft:torch":24,"minecraft:diamond_chestplate":1}},"DataVersion":2975}