{"stats":{"minecraft:mined":{"minecraft:tuff":2,"soulsweapons:verglas_ore_deepslate":4,"minecraft:deepslate_diamond_ore":2,"minecraft:brown_carpet":4,"minecraft:brewing_stand":1,"born_in_chaos_v1:infected_diamond_ore":3,"minecraft:crafting_table":7,"minecraft:granite":2,"born_in_chaos_v1:dark_metal_deposit":2,"minecraft:melon":14,"minecraft:mushroom_stem":1,"minecraft:tall_grass":2,"minecraft:cobblestone":1,"minecraft:deepslate_gold_ore":15,"minecraft:lapis_ore":6,"minecraft:wall_torch":6,"minecraft:hay_block":6,"minecraft:furnace":6,"iceandfire:copper_ore":1,"minecraft:iron_ore":121,"treechop:chopped_log":1,"minecraft:brown_bed":1,"minecraft:coal_ore":11,"minecraft:grass":8,"soulsweapons:moonstone_ore_deepslate":5,"minecraft:deepslate_iron_ore":40,"minecraft:dripstone_block":1,"minecraft:cobweb":1,"minecraft:gold_ore":4,"minecraft:stone":45,"soulsweapons:verglas_ore":7,"minecraft:deepslate":14,"minecraft:fern":2},"minecraft:used":{"epicfight:skillbook":4,"minecraft:stone_sword":96,"minecraft:stone_pickaxe":44,"minecraft:oak_planks":1,"minecraft:shield":6,"minecraft:wooden_pickaxe":6,"iceandfire:copper_ore":1,"minecraft:torch":6,"soulsweapons:moonstone_axe":4,"minecraft:crafting_table":8,"minecraft:cod":1,"minecraft:dripstone_block":1,"minecraft:tuff":2,"minecraft:granite":1,"minecraft:apple":2,"minecraft:melon_slice":31,"minecraft:iron_pickaxe":246,"minecraft:iron_helmet":1,"minecraft:iron_boots":1,"minecraft:stone_axe":2,"minecraft:wooden_sword":24,"minecraft:cobblestone":10,"minecraft:brown_carpet":4,"minecraft:furnace":4,"tombstone:gift":1,"minecraft:iron_leggings":1,"minecraft:cobbled_deepslate":14,"minecraft:gray_wool":1},"minecraft:dropped":{"minecraft:stone_axe":2,"minecraft:sugar_cane":2,"minecraft:wheat_seeds":2,"alexsmobs:animal_dictionary":1,"minecraft:rotten_flesh":5,"patchouli:guide_book":1,"ars_nouveau:worn_notebook":1,"minecraft:gray_wool":1,"minecraft:spider_eye":1,"minecraft:iron_leggings":1,"minecraft:gold_nugget":4,"minecraft:wooden_sword":1,"minecraft:stone_pickaxe":1,"minecraft:wooden_pickaxe":1,"ars_nouveau:wilden_horn":1},"minecraft:custom":{"minecraft:interact_with_furnace":16,"minecraft:mob_kills":29,"tombstone:raider_killed":1,"minecraft:interact_with_crafting_table":31,"minecraft:open_barrel":22,"minecraft:leave_game":2,"minecraft:time_since_death":34132,"minecraft:climb_one_cm":9390,"minecraft:time_since_rest":34158,"minecraft:damage_absorbed":1523,"minecraft:sprint_one_cm":137433,"minecraft:damage_taken":1456,"minecraft:walk_one_cm":296197,"minecraft:damage_blocked_by_shield":215,"minecraft:drop":20,"minecraft:damage_dealt":5365,"minecraft:damage_dealt_absorbed":23,"minecraft:fly_one_cm":171485,"minecraft:open_chest":6,"minecraft:crouch_one_cm":12051,"minecraft:play_time":52001,"tombstone:undead_killed":9,"minecraft:deaths":4,"minecraft:sneak_time":1560,"minecraft:jump":844,"minecraft:interact_with_brewingstand":1,"minecraft:total_world_time":52001,"minecraft:fall_one_cm":29425},"minecraft:killed":{"minecraft:cave_spider":1,"minecraft:witch":1,"born_in_chaos_v1:diamond_termite":3,"minecraft:spider":2,"minecraft:skeleton":2,"minecraft:sheep":5,"minecraft:zombie":7,"ars_nouveau:wilden_stalker":1,"realmrpg_demons:chort":1,"ars_nouveau:summon_wolf":2,"ars_nouveau:wilden_hunter":1,"artifacts:mimic":2},"minecraft:killed_by":{"ars_nouveau:wilden_hunter":1,"minecraft:spider":3},"minecraft:crafted":{"minecraft:wooden_sword":1,"minecraft:oak_planks":24,"minecraft:crafting_table":2,"minecraft:wooden_pickaxe":1,"minecraft:iron_helmet":1,"minecraft:furnace":2,"minecraft:bucket":1,"minecraft:stone_axe":1,"minecraft:bread":23,"minecraft:air":0,"minecraft:iron_boots":1,"minecraft:iron_chestplate":1,"soulsweapons:moonstone_axe":1,"minecraft:shield":1,"minecraft:raw_gold":54,"minecraft:stick":8,"minecraft:iron_leggings":1,"minecraft:iron_pickaxe":1,"minecraft:iron_ingot":32,"minecraft:stone_pickaxe":1,"minecraft:stone_sword":1,"minecraft:torch":4,"minecraft:wheat":54},"minecraft:picked_up":{"minecraft:crafting_table":7,"iceandfire:copper_ore":1,"soulsweapons:moonstone":5,"minecraft:brown_bed":1,"minecraft:tuff":2,"minecraft:oak_log":25,"minecraft:brewing_stand":1,"minecraft:lapis_lazuli":42,"minecraft:string":5,"minecraft:iron_leggings":1,"minecraft:apple":2,"minecraft:gold_nugget":2,"minecraft:raw_gold":19,"minecraft:wheat_seeds":2,"minecraft:cobbled_deepslate":14,"minecraft:melon_slice":68,"minecraft:furnace":6,"minecraft:stick":6,"minecraft:raw_iron":180,"minecraft:torch":6,"minecraft:dripstone_block":1,"epicfight:skillbook":2,"tombstone:grave_dust":5,"born_in_chaos_v1:pieceofdarkmetal":2,"ars_nouveau:wilden_horn":1,"minecraft:spider_eye":1,"minecraft:brown_carpet":4,"artifacts:snorkel":1,"minecraft:rotten_flesh":5,"minecraft:diamond":2,"artifacts:villager_hat":1,"minecraft:stone_axe":1,"minecraft:hay_block":6,"minecraft:granite":1,"minecraft:gray_wool":2,"soulsweapons:verglas":11,"minecraft:gold_ingot":1,"minecraft:coal":11,"minecraft:oak_sapling":15,"minecraft:mutton":9,"minecraft:white_wool":4,"minecraft:cobblestone":47}},"DataVersion":2975}