{"stats":{"minecraft:mined":{"minecraft:brown_carpet":4,"minecraft:brewing_stand":1,"born_in_chaos_v1:infected_diamond_ore":1,"minecraft:crafting_table":3,"minecraft:melon":14,"minecraft:mushroom_stem":1,"minecraft:tall_grass":2,"minecraft:cobblestone":1,"minecraft:lapis_ore":6,"minecraft:hay_block":6,"minecraft:furnace":2,"iceandfire:copper_ore":1,"minecraft:iron_ore":32,"treechop:chopped_log":1,"minecraft:brown_bed":1,"minecraft:grass":8,"soulsweapons:moonstone_ore_deepslate":3,"minecraft:deepslate_iron_ore":25,"minecraft:cobweb":1,"minecraft:stone":30,"minecraft:deepslate":12,"minecraft:fern":2},"minecraft:used":{"epicfight:skillbook":4,"minecraft:stone_sword":34,"minecraft:stone_pickaxe":44,"minecraft:oak_planks":1,"minecraft:shield":5,"minecraft:wooden_pickaxe":6,"iceandfire:copper_ore":1,"minecraft:crafting_table":4,"minecraft:apple":2,"minecraft:melon_slice":10,"minecraft:iron_pickaxe":64,"minecraft:stone_axe":2,"minecraft:wooden_sword":24,"minecraft:cobblestone":5,"minecraft:brown_carpet":4,"minecraft:furnace":1,"tombstone:gift":1,"minecraft:cobbled_deepslate":11,"minecraft:gray_wool":1},"minecraft:dropped":{"minecraft:wheat_seeds":2,"alexsmobs:animal_dictionary":1,"minecraft:rotten_flesh":2,"patchouli:guide_book":1,"ars_nouveau:worn_notebook":1,"minecraft:gray_wool":1,"minecraft:wooden_sword":1,"minecraft:stone_pickaxe":1,"minecraft:wooden_pickaxe":1,"ars_nouveau:wilden_horn":1},"minecraft:custom":{"minecraft:interact_with_furnace":5,"minecraft:mob_kills":19,"minecraft:interact_with_crafting_table":16,"minecraft:open_barrel":7,"minecraft:leave_game":2,"minecraft:time_since_death":10132,"minecraft:climb_one_cm":9390,"minecraft:time_since_rest":10158,"minecraft:damage_absorbed":680,"minecraft:sprint_one_cm":65784,"minecraft:damage_taken":1208,"minecraft:walk_one_cm":168219,"minecraft:damage_blocked_by_shield":190,"minecraft:drop":11,"minecraft:damage_dealt":2653,"minecraft:fly_one_cm":116335,"minecraft:open_chest":6,"minecraft:crouch_one_cm":6842,"minecraft:play_time":28001,"tombstone:undead_killed":5,"minecraft:deaths":4,"minecraft:sneak_time":860,"minecraft:jump":455,"minecraft:interact_with_brewingstand":1,"minecraft:total_world_time":28001,"minecraft:fall_one_cm":16643},"minecraft:killed":{"minecraft:cave_spider":1,"born_in_chaos_v1:diamond_termite":1,"minecraft:spider":2,"minecraft:skeleton":1,"minecraft:sheep":5,"minecraft:zombie":4,"realmrpg_demons:chort":1,"ars_nouveau:summon_wolf":2,"ars_nouveau:wilden_hunter":1},"minecraft:killed_by":{"ars_nouveau:wilden_hunter":1,"minecraft:spider":3},"minecraft:crafted":{"minecraft:wooden_sword":1,"minecraft:oak_planks":24,"minecraft:crafting_table":2,"minecraft:wooden_pickaxe":1,"minecraft:stone_axe":1,"minecraft:bread":13,"minecraft:air":0,"minecraft:shield":1,"minecraft:stick":8,"minecraft:iron_pickaxe":1,"minecraft:iron_ingot":8,"minecraft:stone_pickaxe":1,"minecraft:stone_sword":1,"minecraft:wheat":54},"minecraft:picked_up":{"minecraft:crafting_table":3,"iceandfire:copper_ore":1,"soulsweapons:moonstone":3,"minecraft:brown_bed":1,"minecraft:oak_log":25,"minecraft:brewing_stand":1,"minecraft:lapis_lazuli":42,"minecraft:string":5,"minecraft:apple":2,"minecraft:wheat_seeds":2,"minecraft:cobbled_deepslate":12,"minecraft:melon_slice":68,"minecraft:furnace":2,"minecraft:stick":6,"minecraft:raw_iron":76,"epicfight:skillbook":2,"tombstone:grave_dust":5,"ars_nouveau:wilden_horn":1,"minecraft:spider_eye":1,"minecraft:brown_carpet":4,"minecraft:rotten_flesh":2,"minecraft:hay_block":6,"minecraft:gray_wool":2,"minecraft:gold_ingot":1,"minecraft:oak_sapling":15,"minecraft:mutton":9,"minecraft:white_wool":4,"minecraft:cobblestone":32}},"DataVersion":2975}