{"stats":{"minecraft:custom":{"minecraft:mob_kills":148,"minecraft:interact_with_crafting_table":60,"minecraft:open_barrel":46,"minecraft:damage_dealt_resisted":2592,"minecraft:leave_game":3,"minecraft:time_since_death":175507,"minecraft:climb_one_cm":17417,"minecraft:sprint_one_cm":646950,"minecraft:walk_one_cm":1035540,"minecraft:damage_blocked_by_shield":1096,"minecraft:drop":77,"minecraft:damage_dealt_absorbed":831,"minecraft:play_time":193376,"minecraft:deaths":4,"minecraft:sneak_time":6846,"minecraft:walk_under_water_one_cm":12667,"minecraft:interact_with_brewingstand":1,"minecraft:jump":3084,"minecraft:walk_on_water_one_cm":56901,"minecraft:total_world_time":193376,"minecraft:interact_with_furnace":61,"tombstone:raider_killed":1,"minecraft:sleep_in_bed":3,"minecraft:time_since_rest":36354,"minecraft:damage_taken":2463,"minecraft:damage_absorbed":7284,"minecraft:damage_dealt":24132,"minecraft:player_kills":1,"minecraft:swim_one_cm":14000,"minecraft:fly_one_cm":866798,"minecraft:open_chest":23,"minecraft:crouch_one_cm":43533,"tombstone:undead_killed":59,"minecraft:interact_with_smoker":1,"minecraft:fall_one_cm":105924,"minecraft:inspect_dispenser":10},"minecraft:used":{"minecraft:enchanting_table":1,"minecraft:stone_sword":131,"minecraft:shield":25,"iceandfire:copper_ore":1,"minecraft:torch":11,"wom:golden_monocle":2,"minecraft:dirt":21,"soulsweapons:moonstone_axe":133,"minecraft:tuff":2,"minecraft:granite":1,"minecraft:bookshelf":20,"minecraft:iron_helmet":1,"minecraft:iron_boots":1,"minecraft:brown_carpet":4,"minecraft:furnace":14,"tombstone:gift":3,"minecraft:cobbled_deepslate":106,"minecraft:brown_bed":1,"minecraft:iron_leggings":1,"minecraft:water_bucket":69,"epicfight:skillbook":16,"minecraft:stone_pickaxe":44,"minecraft:oak_planks":1,"minecraft:wooden_pickaxe":6,"soulsweapons:moonstone_pickaxe":271,"soulsweapons:bluemoon_shortsword":286,"minecraft:crafting_table":16,"minecraft:cod":8,"minecraft:dripstone_block":1,"tombstone:bag_of_seeds":1,"minecraft:black_concrete":1,"minecraft:apple":2,"minecraft:bread":29,"minecraft:melon_slice":68,"minecraft:iron_pickaxe":249,"stalwart_dungeons:stone_hammer":13,"minecraft:stone_axe":2,"minecraft:wooden_sword":24,"minecraft:cobblestone":29,"minecraft:bucket":70,"epicfight:uchigatana":1,"wom:moonless":3,"minecraft:gray_wool":1},"minecraft:killed_by":{"minecraft:spider":3,"ars_nouveau:wilden_hunter":1},"minecraft:dropped":{"minecraft:enchanted_book":1,"minecraft:bread":1,"twilightforest:magic_beans":2,"minecraft:wheat_seeds":2,"minecraft:glow_ink_sac":3,"minecraft:golden_horse_armor":2,"minecraft:book":4,"iceandfire:ectoplasm":1,"minecraft:coal":4,"minecraft:red_mushroom":3,"minecraft:stick":1,"minecraft:dirt":12,"tombstone:bag_of_seeds":2,"ars_nouveau:worn_notebook":1,"minecraft:brown_concrete_powder":1,"minecraft:gray_wool":1,"minecraft:diorite":3,"minecraft:torch":4,"minecraft:brown_wool":1,"minecraft:wooden_sword":1,"minecraft:iron_leggings":3,"minecraft:gold_nugget":4,"minecraft:iron_pickaxe":1,"minecraft:string":23,"ars_nouveau:wilden_horn":1,"ars_nouveau:caster_tome":1,"minecraft:stone_axe":2,"soulsweapons:moonstone_axe":2,"minecraft:sugar_cane":2,"blue_skies:winter_leaf_seeds":3,"epicfight:uchigatana":3,"alexsmobs:animal_dictionary":1,"minecraft:raw_iron":24,"born_in_chaos_v1:ethereal_spirit":2,"blue_skies:scalefruit_seeds":2,"minecraft:rotten_flesh":25,"minecraft:light_gray_wool":1,"minecraft:pumpkin_seeds":1,"patchouli:guide_book":1,"minecraft:tipped_arrow":2,"minecraft:gunpowder":16,"minecraft:melon_seeds":6,"born_in_chaos_v1:corpse_maggot":9,"minecraft:oak_sapling":15,"ars_nouveau:starbuncle_shards":1,"minecraft:spider_eye":1,"minecraft:arrow":2,"minecraft:stone_pickaxe":1,"minecraft:wooden_pickaxe":1,"epicfight:skillbook":2},"minecraft:mined":{"minecraft:diamond_ore":5,"minecraft:tuff":3,"minecraft:deepslate_diamond_ore":29,"minecraft:brewing_stand":1,"born_in_chaos_v1:infected_diamond_ore":3,"minecraft:obsidian":16,"minecraft:granite":2,"minecraft:grass_block":1,"born_in_chaos_v1:dark_metal_deposit":2,"sophisticatedbackpacks:iron_backpack":1,"minecraft:coal_block":9,"minecraft:spruce_leaves":10,"minecraft:spawner":2,"minecraft:hay_block":24,"minecraft:furnace":16,"iceandfire:copper_ore":1,"minecraft:iron_ore":121,"minecraft:cobbled_deepslate":18,"minecraft:black_concrete":1,"treechop:chopped_log":3,"minecraft:enchanting_table":1,"minecraft:brown_bed":2,"soulsweapons:moonstone_ore_deepslate":47,"minecraft:bookshelf":62,"minecraft:deepslate_iron_ore":43,"minecraft:stone":52,"minecraft:deepslate_redstone_ore":13,"soulsweapons:verglas_ore_deepslate":14,"minecraft:brown_carpet":4,"minecraft:crafting_table":14,"minecraft:torch":2,"minecraft:melon":14,"minecraft:mushroom_stem":1,"minecraft:tall_grass":2,"minecraft:cobblestone":3,"minecraft:lapis_ore":6,"minecraft:deepslate_gold_ore":26,"minecraft:diorite":3,"minecraft:wall_torch":6,"minecraft:tnt":3,"minecraft:grass":12,"minecraft:coal_ore":13,"minecraft:dirt":3,"minecraft:dripstone_block":1,"minecraft:cobweb":3,"minecraft:gold_ore":4,"minecraft:deepslate":112,"minecraft:fern":2,"soulsweapons:verglas_ore":7},"minecraft:killed":{"minecraft:cave_spider":1,"minecraft:witch":1,"born_in_chaos_v1:restless_spirit":1,"alexsmobs:tiger":1,"alexsmobs:raccoon":1,"minecraft:spider":5,"born_in_chaos_v1:zombie_bruiser":1,"born_in_chaos_v1:maggot":3,"minecraft:skeleton":12,"alexsmobs:bison":1,"realmrpg_demons:chort":1,"ars_nouveau:summon_wolf":8,"born_in_chaos_v1:baby_skeleton_2":1,"alexsmobs:centipede_head":1,"artifacts:mimic":2,"minecraft:pig":5,"graveyard:ghoul":2,"born_in_chaos_v1:diamond_termite":3,"born_in_chaos_v1:baby_skeleton":1,"born_in_chaos_v1:swarmer":1,"born_in_chaos_v1:spirit_guide_assistant":1,"iceandfire:troll":1,"minecraft:bat":1,"born_in_chaos_v1:decrepit_skeleton":5,"minecraft:sheep":22,"born_in_chaos_v1:bloody_gadfly":1,"minecraft:zombie":32,"ars_nouveau:wilden_stalker":2,"born_in_chaos_v1:corpse_fly":11,"born_in_chaos_v1:dark_vortex":1,"ars_nouveau:wilden_hunter":6,"born_in_chaos_v1:door_knight":3,"minecraft:enderman":1,"minecraft:cow":2},"minecraft:broken":{"minecraft:stone_sword":1,"minecraft:iron_boots":1,"minecraft:iron_chestplate":1,"minecraft:iron_helmet":1},"minecraft:picked_up":{"minecraft:crafting_table":14,"iceandfire:copper_ore":1,"soulsweapons:moonstone":47,"minecraft:brown_bed":2,"minecraft:enchanted_book":1,"minecraft:brewing_stand":1,"minecraft:string":31,"minecraft:iron_leggings":3,"minecraft:gold_nugget":2,"minecraft:cobbled_deepslate":128,"minecraft:beef":12,"minecraft:light_gray_wool":1,"minecraft:melon_slice":68,"minecraft:coal_block":9,"minecraft:furnace":16,"minecraft:dark_oak_sapling":6,"minecraft:stick":17,"minecraft:raw_iron":195,"minecraft:torch":20,"minecraft:porkchop":7,"sophisticatedbackpacks:backpack":1,"epicfight:skillbook":5,"minecraft:brown_concrete_powder":1,"tombstone:grave_dust":15,"minecraft:diorite":3,"born_in_chaos_v1:pieceofdarkmetal":4,"minecraft:redstone":59,"minecraft:black_dye":1,"minecraft:dark_oak_planks":26,"minecraft:tnt":5,"minecraft:brown_carpet":4,"artifacts:snorkel":1,"twilightforest:magic_beans":1,"minecraft:arrow":7,"minecraft:rotten_flesh":51,"artifacts:villager_hat":1,"minecraft:hay_block":27,"minecraft:saddle":1,"minecraft:gold_ingot":1,"minecraft:obsidian":16,"minecraft:mutton":36,"minecraft:white_wool":19,"minecraft:cobblestone":95,"minecraft:enchanting_table":1,"born_in_chaos_v1:corpse_maggot":9,"minecraft:glow_ink_sac":3,"minecraft:brown_wool":1,"minecraft:leather":3,"minecraft:red_mushroom":3,"alexsmobs:bison_fur":1,"ars_nouveau:wilden_wing":1,"paraglider:spirit_orb":4,"minecraft:tuff":2,"minecraft:oak_log":53,"iceandfire:ectoplasm":1,"minecraft:gunpowder":16,"minecraft:dirt":33,"minecraft:lapis_lazuli":42,"tombstone:gift":1,"minecraft:bone":21,"minecraft:apple":5,"ars_nouveau:source_gem":1,"minecraft:wheat_seeds":2,"minecraft:raw_gold":30,"minecraft:iron_ingot":3,"tombstone:bag_of_seeds":2,"minecraft:book":189,"minecraft:black_terracotta":3,"born_in_chaos_v1:ethereal_spirit":2,"minecraft:dripstone_block":1,"sophisticatedbackpacks:iron_backpack":1,"epicfight:uchigatana":2,"minecraft:spruce_sapling":1,"soulsweapons:moonstone_axe":2,"minecraft:dark_oak_log":45,"minecraft:spider_eye":1,"ars_nouveau:wilden_horn":1,"minecraft:bundle":2,"minecraft:black_concrete":1,"minecraft:diamond":33,"minecraft:stone_axe":1,"minecraft:granite":1,"minecraft:gray_wool":2,"minecraft:golden_horse_armor":1,"soulsweapons:verglas":21,"minecraft:bread":1,"minecraft:dark_oak_wood":5,"tombstone:magic_scroll":1,"minecraft:oak_sapling":27,"minecraft:coal":14},"minecraft:crafted":{"minecraft:wooden_sword":1,"minecraft:smooth_stone":8,"minecraft:oak_planks":100,"minecraft:furnace":2,"minecraft:stone":8,"minecraft:bookshelf":20,"minecraft:iron_boots":2,"soulsweapons:moonstone_axe":1,"minecraft:stone_pickaxe":1,"soulsweapons:moonstone_pickaxe":1,"minecraft:dark_oak_planks":72,"sophisticatedbackpacks:iron_backpack":1,"minecraft:wheat":153,"soulsweapons:bluemoon_shortsword":1,"minecraft:crafting_table":3,"minecraft:enchanting_table":1,"minecraft:wooden_pickaxe":1,"minecraft:iron_helmet":1,"sophisticatedbackpacks:gold_backpack":3,"minecraft:bucket":1,"minecraft:stone_axe":1,"minecraft:bread":56,"minecraft:air":0,"minecraft:iron_chestplate":2,"minecraft:shield":1,"minecraft:raw_gold":54,"minecraft:stick":16,"minecraft:iron_ingot":62,"minecraft:iron_pickaxe":1,"minecraft:stone_sword":1,"minecraft:iron_leggings":3,"minecraft:gold_ingot":16,"stalwart_dungeons:stone_hammer":1,"minecraft:torch":4}},"DataVersion":2975}