{"stats":{"minecraft:used":{"minecraft:apple":2,"minecraft:wooden_sword":15,"minecraft:crafting_table":2},"minecraft:mined":{"minecraft:hay_block":6,"treechop:chopped_log":1,"minecraft:crafting_table":1,"minecraft:brown_bed":1,"minecraft:grass":8,"minecraft:melon":14,"minecraft:mushroom_stem":1,"minecraft:cobweb":1,"minecraft:tall_grass":2,"minecraft:fern":2},"minecraft:dropped":{"minecraft:wheat_seeds":2},"minecraft:custom":{"minecraft:time_since_rest":1190,"minecraft:sprint_one_cm":27743,"minecraft:damage_taken":500,"minecraft:walk_one_cm":53349,"minecraft:mob_kills":7,"minecraft:drop":2,"minecraft:damage_dealt":900,"minecraft:interact_with_crafting_table":4,"minecraft:fly_one_cm":53826,"minecraft:open_barrel":1,"minecraft:open_chest":1,"minecraft:play_time":10001,"minecraft:deaths":1,"minecraft:sneak_time":32,"minecraft:jump":151,"minecraft:leave_game":2,"minecraft:time_since_death":1162,"minecraft:climb_one_cm":2736,"minecraft:total_world_time":10001,"minecraft:fall_one_cm":3406},"minecraft:killed_by":{"minecraft:spider":1},"minecraft:killed":{"minecraft:sheep":4,"minecraft:cave_spider":1,"minecraft:spider":2},"minecraft:crafted":{"minecraft:wooden_sword":1,"minecraft:oak_planks":12,"minecraft:crafting_table":1,"minecraft:wooden_pickaxe":1,"minecraft:bread":13,"minecraft:wheat":54},"minecraft:picked_up":{"minecraft:stick":6,"minecraft:crafting_table":1,"minecraft:brown_bed":1,"minecraft:oak_log":25,"minecraft:spider_eye":1,"minecraft:string":5,"minecraft:apple":2,"minecraft:wheat_seeds":2,"minecraft:hay_block":6,"minecraft:gray_wool":1,"minecraft:gold_ingot":1,"minecraft:oak_sapling":15,"minecraft:melon_slice":68,"minecraft:mutton":7,"minecraft:white_wool":3}},"DataVersion":2975}