{"stats":{"minecraft:used":{"minecraft:stone_sword":131,"minecraft:shield":15,"iceandfire:copper_ore":1,"minecraft:torch":8,"soulsweapons:moonstone_axe":30,"minecraft:tuff":2,"minecraft:granite":1,"minecraft:iron_helmet":1,"minecraft:iron_boots":1,"minecraft:brown_carpet":4,"minecraft:furnace":6,"tombstone:gift":3,"minecraft:cobbled_deepslate":72,"minecraft:iron_leggings":1,"minecraft:water_bucket":16,"epicfight:skillbook":11,"minecraft:stone_pickaxe":44,"minecraft:oak_planks":1,"minecraft:wooden_pickaxe":6,"soulsweapons:moonstone_pickaxe":152,"soulsweapons:bluemoon_shortsword":192,"minecraft:crafting_table":10,"minecraft:cod":8,"minecraft:dripstone_block":1,"tombstone:bag_of_seeds":1,"minecraft:apple":2,"minecraft:bread":3,"minecraft:melon_slice":68,"minecraft:iron_pickaxe":249,"minecraft:stone_axe":2,"minecraft:wooden_sword":24,"minecraft:cobblestone":21,"minecraft:bucket":17,"minecraft:gray_wool":1},"minecraft:mined":{"minecraft:diamond_ore":5,"minecraft:tuff":3,"minecraft:deepslate_diamond_ore":16,"minecraft:brewing_stand":1,"born_in_chaos_v1:infected_diamond_ore":3,"minecraft:granite":2,"born_in_chaos_v1:dark_metal_deposit":2,"minecraft:spruce_leaves":10,"minecraft:spawner":2,"minecraft:hay_block":6,"minecraft:furnace":8,"iceandfire:copper_ore":1,"minecraft:iron_ore":121,"minecraft:cobbled_deepslate":9,"treechop:chopped_log":1,"minecraft:brown_bed":1,"soulsweapons:moonstone_ore_deepslate":40,"minecraft:deepslate_iron_ore":40,"minecraft:stone":45,"minecraft:deepslate_redstone_ore":13,"soulsweapons:verglas_ore_deepslate":13,"minecraft:brown_carpet":4,"minecraft:crafting_table":9,"minecraft:melon":14,"minecraft:mushroom_stem":1,"minecraft:tall_grass":2,"minecraft:cobblestone":3,"minecraft:lapis_ore":6,"minecraft:deepslate_gold_ore":15,"minecraft:diorite":3,"minecraft:wall_torch":6,"minecraft:grass":8,"minecraft:coal_ore":11,"minecraft:dripstone_block":1,"minecraft:cobweb":3,"minecraft:gold_ore":4,"minecraft:deepslate":73,"minecraft:fern":2,"soulsweapons:verglas_ore":7},"minecraft:dropped":{"twilightforest:magic_beans":2,"minecraft:wheat_seeds":2,"minecraft:glow_ink_sac":3,"minecraft:red_mushroom":3,"minecraft:stick":1,"ars_nouveau:worn_notebook":1,"minecraft:gray_wool":1,"minecraft:diorite":3,"minecraft:torch":4,"minecraft:iron_leggings":1,"minecraft:wooden_sword":1,"minecraft:gold_nugget":4,"minecraft:iron_pickaxe":1,"ars_nouveau:wilden_horn":1,"soulsweapons:moonstone_axe":1,"minecraft:stone_axe":2,"minecraft:sugar_cane":2,"blue_skies:winter_leaf_seeds":3,"alexsmobs:animal_dictionary":1,"born_in_chaos_v1:ethereal_spirit":1,"blue_skies:scalefruit_seeds":2,"minecraft:rotten_flesh":12,"minecraft:pumpkin_seeds":1,"patchouli:guide_book":1,"minecraft:melon_seeds":6,"minecraft:oak_sapling":15,"minecraft:spider_eye":1,"minecraft:arrow":2,"minecraft:stone_pickaxe":1,"minecraft:wooden_pickaxe":1,"epicfight:skillbook":2},"minecraft:custom":{"minecraft:mob_kills":112,"minecraft:interact_with_crafting_table":33,"minecraft:open_barrel":24,"minecraft:damage_dealt_resisted":1503,"minecraft:leave_game":2,"minecraft:time_since_death":76132,"minecraft:climb_one_cm":11125,"minecraft:sprint_one_cm":331954,"minecraft:walk_one_cm":574649,"minecraft:damage_blocked_by_shield":410,"minecraft:drop":43,"minecraft:damage_dealt_absorbed":831,"minecraft:play_time":94001,"minecraft:deaths":4,"minecraft:sneak_time":3535,"minecraft:walk_under_water_one_cm":3495,"minecraft:interact_with_brewingstand":1,"minecraft:jump":1753,"minecraft:walk_on_water_one_cm":23359,"minecraft:total_world_time":94001,"minecraft:interact_with_furnace":18,"tombstone:raider_killed":1,"minecraft:time_since_rest":76158,"minecraft:damage_taken":1967,"minecraft:damage_absorbed":3780,"minecraft:damage_dealt":19586,"minecraft:fly_one_cm":419584,"minecraft:open_chest":13,"minecraft:crouch_one_cm":25096,"tombstone:undead_killed":54,"minecraft:fall_one_cm":59589},"minecraft:broken":{"minecraft:stone_sword":1,"minecraft:iron_helmet":1},"minecraft:killed_by":{"minecraft:spider":3,"ars_nouveau:wilden_hunter":1},"minecraft:killed":{"minecraft:cave_spider":1,"minecraft:witch":1,"minecraft:spider":4,"born_in_chaos_v1:zombie_bruiser":1,"born_in_chaos_v1:maggot":3,"minecraft:skeleton":12,"realmrpg_demons:chort":1,"born_in_chaos_v1:baby_skeleton_2":1,"ars_nouveau:summon_wolf":8,"alexsmobs:centipede_head":1,"artifacts:mimic":2,"graveyard:ghoul":2,"born_in_chaos_v1:diamond_termite":3,"born_in_chaos_v1:baby_skeleton":1,"born_in_chaos_v1:swarmer":1,"born_in_chaos_v1:spirit_guide_assistant":1,"iceandfire:troll":1,"minecraft:bat":1,"born_in_chaos_v1:decrepit_skeleton":5,"minecraft:sheep":5,"born_in_chaos_v1:bloody_gadfly":1,"minecraft:zombie":28,"ars_nouveau:wilden_stalker":1,"born_in_chaos_v1:corpse_fly":11,"born_in_chaos_v1:dark_vortex":1,"ars_nouveau:wilden_hunter":6,"born_in_chaos_v1:door_knight":2,"minecraft:enderman":1},"minecraft:crafted":{"minecraft:wooden_sword":1,"minecraft:oak_planks":28,"minecraft:furnace":2,"minecraft:iron_boots":1,"soulsweapons:moonstone_axe":1,"minecraft:stone_pickaxe":1,"soulsweapons:moonstone_pickaxe":1,"minecraft:wheat":54,"soulsweapons:bluemoon_shortsword":1,"minecraft:crafting_table":2,"minecraft:wooden_pickaxe":1,"minecraft:iron_helmet":1,"minecraft:bucket":1,"minecraft:stone_axe":1,"minecraft:bread":23,"minecraft:air":0,"minecraft:iron_chestplate":1,"minecraft:shield":1,"minecraft:raw_gold":54,"minecraft:stick":16,"minecraft:iron_ingot":32,"minecraft:iron_pickaxe":1,"minecraft:stone_sword":1,"minecraft:iron_leggings":1,"minecraft:torch":4},"minecraft:picked_up":{"minecraft:crafting_table":9,"iceandfire:copper_ore":1,"minecraft:brown_bed":1,"soulsweapons:moonstone":40,"minecraft:brewing_stand":1,"minecraft:string":8,"minecraft:iron_leggings":1,"minecraft:gold_nugget":2,"minecraft:cobbled_deepslate":78,"minecraft:melon_slice":68,"minecraft:furnace":8,"minecraft:raw_iron":180,"minecraft:stick":9,"minecraft:torch":12,"sophisticatedbackpacks:backpack":1,"epicfight:skillbook":4,"tombstone:grave_dust":13,"minecraft:diorite":3,"born_in_chaos_v1:pieceofdarkmetal":4,"minecraft:redstone":59,"minecraft:brown_carpet":4,"twilightforest:magic_beans":1,"artifacts:snorkel":1,"minecraft:arrow":7,"minecraft:rotten_flesh":31,"artifacts:villager_hat":1,"minecraft:hay_block":6,"minecraft:gold_ingot":1,"minecraft:mutton":9,"minecraft:cobblestone":50,"minecraft:white_wool":4,"born_in_chaos_v1:corpse_maggot":9,"minecraft:glow_ink_sac":3,"minecraft:red_mushroom":3,"paraglider:spirit_orb":4,"minecraft:tuff":2,"minecraft:oak_log":25,"minecraft:lapis_lazuli":42,"tombstone:gift":1,"minecraft:bone":21,"minecraft:apple":2,"minecraft:wheat_seeds":2,"minecraft:raw_gold":19,"tombstone:bag_of_seeds":1,"born_in_chaos_v1:ethereal_spirit":1,"minecraft:dripstone_block":1,"minecraft:spruce_sapling":1,"soulsweapons:moonstone_axe":1,"minecraft:spider_eye":1,"ars_nouveau:wilden_horn":1,"minecraft:bundle":1,"minecraft:diamond":20,"minecraft:stone_axe":1,"minecraft:granite":1,"minecraft:gray_wool":2,"soulsweapons:verglas":20,"minecraft:oak_sapling":15,"minecraft:coal":11}},"DataVersion":2975}