{"stats":{"minecraft:mined":{"stalwart_dungeons:spore_vaporizer":1,"minecraft:spruce_planks":9,"minecraft:jungle_slab":9,"minecraft:brewing_stand":1,"minecraft:obsidian":26,"minecraft:granite":2,"born_in_chaos_v1:dark_metal_deposit":2,"minecraft:grass_block":1,"sophisticatedbackpacks:iron_backpack":1,"minecraft:jungle_log":1,"minecraft:coal_block":9,"minecraft:spawner":67,"minecraft:weeping_vines_plant":1,"minecraft:mossy_cobblestone_stairs":2,"minecraft:iron_ore":121,"minecraft:fire":2,"minecraft:cobbled_deepslate":40,"minecraft:anvil":2,"minecraft:nether_brick_stairs":4,"minecraft:brown_bed":8,"minecraft:enchanting_table":15,"minecraft:iron_bars":26,"minecraft:deepslate_redstone_ore":13,"minecraft:quartz_block":2,"soulsweapons:verglas_ore_deepslate":17,"stalwart_dungeons:transient_block_close":4,"born_in_chaos_v1:infected_deepslate_diamond_ore":3,"minecraft:torch":5,"minecraft:poppy":6,"minecraft:melon":14,"minecraft:mushroom_stem":1,"minecraft:cobblestone":9,"minecraft:grindstone":3,"minecraft:iron_door":2,"minecraft:wall_torch":7,"minecraft:tnt":3,"minecraft:grass":16,"minecraft:sand":4,"minecraft:dirt":3,"born_in_chaos_v1:infernal_evil_pumpkin_s":1,"minecraft:netherrack":8,"minecraft:deepslate":123,"soulsweapons:verglas_ore":7,"minecraft:nether_gold_ore":4,"minecraft:diamond_ore":5,"minecraft:tuff":3,"iceandfire:silver_ore":1,"minecraft:mossy_cobblestone":3,"minecraft:deepslate_diamond_ore":42,"enchantinginfuser:enchanting_infuser":1,"born_in_chaos_v1:infected_diamond_ore":3,"minecraft:nether_bricks":2,"minecraft:jungle_planks":9,"minecraft:crimson_roots":11,"minecraft:spruce_leaves":10,"minecraft:cracked_nether_bricks":1,"minecraft:hay_block":24,"minecraft:furnace":17,"iceandfire:copper_ore":1,"minecraft:black_concrete":1,"treechop:chopped_log":3,"soulsweapons:moonstone_ore_deepslate":50,"minecraft:bookshelf":79,"minecraft:deepslate_iron_ore":69,"minecraft:vine":5,"minecraft:stone":52,"minecraft:glass_pane":2,"minecraft:chiseled_nether_bricks":1,"minecraft:brown_carpet":4,"minecraft:dandelion":2,"minecraft:crafting_table":22,"minecraft:tall_grass":2,"minecraft:deepslate_gold_ore":36,"minecraft:lapis_ore":6,"minecraft:diorite":3,"minecraft:spruce_stairs":4,"minecraft:coal_ore":13,"minecraft:dripstone_block":1,"minecraft:cobweb":3,"minecraft:cracked_stone_bricks":3,"minecraft:stone_bricks":3,"minecraft:mossy_stone_bricks":6,"minecraft:gold_ore":4,"minecraft:fern":2},"minecraft:broken":{"minecraft:iron_boots":2,"minecraft:iron_chestplate":3,"minecraft:iron_leggings":2,"wom:golden_monocle":1,"minecraft:stone_sword":1,"minecraft:iron_helmet":1},"minecraft:custom":{"minecraft:interact_with_crafting_table":85,"minecraft:open_barrel":85,"minecraft:leave_game":7,"minecraft:time_since_death":118327,"minecraft:damage_resisted":97,"minecraft:sprint_one_cm":2230097,"minecraft:damage_blocked_by_shield":1686,"minecraft:drop":208,"minecraft:play_time":481535,"minecraft:deaths":6,"minecraft:jump":6456,"minecraft:interact_with_brewingstand":2,"minecraft:walk_on_water_one_cm":84478,"minecraft:enchant_item":10,"minecraft:interact_with_furnace":68,"minecraft:sleep_in_bed":10,"minecraft:damage_dealt":80171,"minecraft:player_kills":8,"minecraft:crouch_one_cm":57608,"tombstone:undead_killed":154,"minecraft:interact_with_smoker":1,"minecraft:inspect_dispenser":10,"minecraft:interact_with_anvil":5,"minecraft:mob_kills":433,"minecraft:damage_dealt_resisted":6232,"minecraft:climb_one_cm":26105,"minecraft:walk_one_cm":2809368,"minecraft:damage_dealt_absorbed":870,"minecraft:sneak_time":8423,"minecraft:walk_under_water_one_cm":17059,"minecraft:total_world_time":481535,"tombstone:raider_killed":13,"minecraft:interact_with_grindstone":7,"minecraft:time_since_rest":8474,"minecraft:damage_taken":5992,"minecraft:damage_absorbed":19811,"minecraft:trigger_trapped_chest":3,"minecraft:swim_one_cm":70952,"minecraft:fly_one_cm":2297302,"minecraft:open_chest":241,"minecraft:fall_one_cm":217318},"minecraft:killed":{"minecraft:cave_spider":7,"born_in_chaos_v1:mr_pumpkin":4,"minecraft:witch":1,"graveyard:skeleton_creeper":2,"born_in_chaos_v1:restless_spirit":1,"born_in_chaos_v1:skeleton_demoman":1,"born_in_chaos_v1:door_knight_not_despawn":1,"born_in_chaos_v1:sir_the_headless":1,"minecraft:spider":30,"realmrpg_demons:imp":2,"realmrpg_demons:imp_guard":3,"born_in_chaos_v1:baby_skeleton_minion":4,"born_in_chaos_v1:scarlet_persecutor":2,"minecraft:skeleton":35,"minecraft:chicken":1,"realmrpg_demons:chort":2,"soulsweapons:evil_forlorn":5,"born_in_chaos_v1:baby_skeleton_2":4,"alexsmobs:centipede_head":1,"realmrpg_demons:demon":6,"born_in_chaos_v1:supreme_bonescaller_stage_2":1,"artifacts:mimic":3,"born_in_chaos_v1:bonescaller":2,"minecraft:pig":9,"born_in_chaos_v1:diamond_termite":9,"stalwart_dungeons:giddy_blaze":19,"alexsmobs:seal":1,"minecraft:creeper":2,"alexsmobs:crimson_mosquito":2,"minecraft:sheep":23,"minecraft:pillager":2,"minecraft:zombie":58,"born_in_chaos_v1:dread_hound":3,"born_in_chaos_v1:corpse_fly":18,"minecraft:stray":13,"born_in_chaos_v1:door_knight":3,"minecraft:blaze":15,"minecraft:cow":3,"minecraft:evoker":2,"minecraft:vex":2,"alexsmobs:tiger":1,"alexsmobs:raccoon":1,"minecraft:vindicator":8,"born_in_chaos_v1:zombie_bruiser":1,"born_in_chaos_v1:firelight":2,"born_in_chaos_v1:maggot":7,"born_in_chaos_v1:pumpkinhead":1,"stalwart_dungeons:nether_wart_cocoon":5,"alexsmobs:bison":1,"ars_nouveau:summon_wolf":18,"born_in_chaos_v1:fallen_chaos_knight":1,"born_in_chaos_v1:spirit_guide":1,"graveyard:ghoul":2,"born_in_chaos_v1:bone_imp_minion":3,"born_in_chaos_v1:baby_skeleton":3,"born_in_chaos_v1:swarmer":2,"born_in_chaos_v1:spirit_guide_assistant":1,"iceandfire:troll":1,"minecraft:bat":3,"minecraft:hoglin":2,"born_in_chaos_v1:decrepit_skeleton":9,"born_in_chaos_v1:phantom_creeper_copy":3,"born_in_chaos_v1:bloody_gadfly":1,"ars_nouveau:wilden_stalker":11,"born_in_chaos_v1:dark_vortex":2,"ars_nouveau:wilden_hunter":10,"minecraft:wither_skeleton":5,"born_in_chaos_v1:decaying_zombie_not_despawn":2,"minecraft:enderman":3},"minecraft:crafted":{"minecraft:grindstone":1,"minecraft:smooth_stone":8,"minecraft:oak_planks":100,"minecraft:stone":11,"minecraft:bookshelf":38,"minecraft:iron_boots":3,"soulsweapons:moonstone_axe":1,"minecraft:golden_boots":1,"enchantinginfuser:enchanting_infuser":1,"minecraft:crafting_table":3,"minecraft:wooden_pickaxe":1,"minecraft:iron_helmet":1,"minecraft:iron_chestplate":3,"minecraft:shield":1,"minecraft:stone_slab":6,"sophisticatedbackpacks:diamond_backpack":2,"minecraft:stick":16,"minecraft:iron_pickaxe":1,"minecraft:iron_ingot":80,"minecraft:iron_block":3,"minecraft:stone_sword":1,"minecraft:gold_ingot":16,"minecraft:wooden_sword":1,"minecraft:furnace":2,"minecraft:stone_pickaxe":1,"soulsweapons:moonstone_pickaxe":2,"minecraft:dark_oak_planks":140,"minecraft:wheat":261,"sophisticatedbackpacks:iron_backpack":1,"paraglider:paraglider":1,"soulsweapons:bluemoon_shortsword":1,"minecraft:enchanting_table":1,"sophisticatedbackpacks:gold_backpack":3,"minecraft:bucket":1,"minecraft:stone_axe":1,"minecraft:bread":92,"minecraft:air":0,"minecraft:raw_gold":54,"minecraft:iron_leggings":4,"minecraft:anvil":1,"stalwart_dungeons:stone_hammer":1,"minecraft:torch":72},"minecraft:killed_by":{"ars_nouveau:wilden_hunter":1,"minecraft:player":2,"minecraft:spider":3},"minecraft:picked_up":{"minecraft:iron_chestplate":1,"minecraft:wheat":3,"minecraft:chainmail_boots":2,"minecraft:anvil":2,"iceandfire:copper_ore":1,"minecraft:diamond_sword":1,"soulsweapons:moonstone":52,"minecraft:brown_bed":8,"minecraft:potion":3,"minecraft:enchanted_book":1,"minecraft:nether_brick":79,"minecraft:brewing_stand":1,"minecraft:string":112,"minecraft:red_nether_bricks":2,"minecraft:iron_leggings":3,"alexsmobs:blood_sac":2,"minecraft:gold_nugget":49,"minecraft:cobbled_deepslate":159,"minecraft:spruce_planks":8,"minecraft:melon_slice":68,"minecraft:coal_block":9,"minecraft:furnace":17,"minecraft:tipped_arrow":9,"minecraft:stick":19,"born_in_chaos_v1:shattered_skull":1,"minecraft:torch":24,"minecraft:spruce_stairs":2,"epicfight:skillbook":12,"minecraft:porkchop":21,"tombstone:grave_dust":27,"minecraft:diorite":3,"minecraft:golden_chestplate":1,"minecraft:black_dye":1,"minecraft:brown_carpet":4,"minecraft:quartz_block":1,"minecraft:stone_sword":1,"minecraft:rotten_flesh":121,"artifacts:villager_hat":1,"minecraft:blaze_rod":19,"minecraft:obsidian":26,"minecraft:iron_bars":36,"minecraft:cobblestone":99,"minecraft:enchanting_table":15,"born_in_chaos_v1:staffof_magic_arrows":1,"minecraft:magma_block":10,"epicfight:stone_spear":1,"minecraft:cooked_beef":19,"minecraft:iron_door":2,"minecraft:brown_wool":1,"minecraft:potato":1,"useless_sword:enderman_scale":1,"alexsmobs:bison_fur":1,"paraglider:spirit_orb":126,"minecraft:tuff":2,"minecraft:lapis_lazuli":42,"minecraft:dirt":33,"artifacts:shock_pendant":1,"born_in_chaos_v1:monster_skin":1,"minecraft:leather_boots":1,"minecraft:bone":118,"minecraft:wheat_seeds":4,"ars_nouveau:source_gem":1,"minecraft:raw_gold":53,"minecraft:grindstone":3,"minecraft:mossy_stone_bricks":1,"minecraft:oak_planks":1,"minecraft:black_terracotta":3,"minecraft:sand":1,"minecraft:jungle_planks":7,"sophisticatedbackpacks:iron_backpack":1,"minecraft:nether_brick_stairs":4,"soulsweapons:moonstone_axe":2,"minecraft:grass_block":1,"minecraft:jungle_slab":9,"minecraft:spectral_arrow":12,"minecraft:dark_oak_log":48,"ars_nouveau:wilden_horn":9,"minecraft:mossy_cobblestone":1,"minecraft:bundle":2,"stalwart_dungeons:spore_vaporizer":1,"born_in_chaos_v1:fire_dust":1,"tombstone:familiar_stone":1,"minecraft:diamond":60,"minecraft:black_concrete":1,"enchantinginfuser:enchanting_infuser":1,"minecraft:granite":1,"minecraft:emerald":18,"soulsweapons:verglas":28,"minecraft:golden_horse_armor":1,"minecraft:bread":1,"minecraft:oak_sapling":27,"minecraft:netherrack":32,"minecraft:crimson_roots":7,"born_in_chaos_v1:diamond_termite_shard":6,"minecraft:crafting_table":22,"iceandfire:witherbone":2,"born_in_chaos_v1:seedof_chaos":2,"minecraft:leather_leggings":2,"minecraft:brown_mushroom":1,"minecraft:shield":1,"epicfight:stray_pants":1,"soulsweapons:forlorn_leggings":2,"minecraft:iron_axe":5,"minecraft:acacia_door":1,"epicfight:stray_hat":2,"graveyard:corruption":3,"minecraft:cracked_stone_bricks":1,"minecraft:beef":12,"minecraft:iron_nugget":28,"minecraft:poppy":6,"minecraft:light_gray_wool":1,"minecraft:phantom_membrane":1,"minecraft:dark_oak_sapling":6,"minecraft:raw_iron":253,"sophisticatedbackpacks:backpack":1,"soulsweapons:forlorn_chestplate":1,"minecraft:brown_concrete_powder":1,"born_in_chaos_v1:pieceofdarkmetal":7,"minecraft:carrot":3,"minecraft:redstone":74,"minecraft:dark_oak_planks":26,"minecraft:tnt":5,"artifacts:snorkel":1,"twilightforest:magic_beans":1,"minecraft:arrow":98,"minecraft:nether_bricks":7,"minecraft:hay_block":27,"minecraft:saddle":1,"minecraft:gold_ingot":2,"minecraft:totem_of_undying":2,"minecraft:mutton":37,"minecraft:white_wool":20,"born_in_chaos_v1:corpse_maggot":16,"minecraft:air":0,"born_in_chaos_v1:monster_flesh":5,"born_in_chaos_v1:pumpkin_staff":1,"minecraft:glow_ink_sac":6,"useless_sword:wither_bone":3,"minecraft:leather":10,"minecraft:red_mushroom":3,"ars_nouveau:wilden_wing":13,"minecraft:oak_log":53,"iceandfire:ectoplasm":1,"minecraft:golden_boots":3,"minecraft:gunpowder":26,"minecraft:white_banner":1,"tombstone:gift":1,"minecraft:red_carpet":6,"minecraft:red_nether_brick_stairs":2,"born_in_chaos_v1:soul_cutlass":1,"minecraft:apple":5,"minecraft:stone_bricks":2,"born_in_chaos_v1:smoked_flesh":2,"minecraft:iron_ingot":3,"tombstone:bag_of_seeds":2,"born_in_chaos_v1:fel_lamp":1,"minecraft:iron_sword":1,"sophisticatedbackpacks:diamond_backpack":1,"minecraft:book":237,"stalwart_dungeons:transient_block_close":7,"minecraft:dark_oak_slab":3,"minecraft:dandelion":2,"born_in_chaos_v1:ethereal_spirit":5,"born_in_chaos_v1:orbofthe_summoner":1,"minecraft:quartz":12,"minecraft:cracked_nether_bricks":1,"minecraft:dripstone_block":1,"minecraft:gravel":15,"epicfight:uchigatana":2,"minecraft:spruce_sapling":1,"minecraft:spider_eye":49,"minecraft:leather_helmet":3,"useless_sword:vex_ectoplasm":2,"minecraft:stone_axe":2,"minecraft:chainmail_leggings":1,"minecraft:mossy_cobblestone_stairs":1,"minecraft:gray_wool":2,"tombstone:magic_scroll":2,"minecraft:dark_oak_wood":5,"minecraft:coal":27,"minecraft:ender_pearl":2},"minecraft:dropped":{"soulsweapons:bluemoon_shortsword":1,"twilightforest:magic_beans":2,"minecraft:diamond_axe":1,"minecraft:glow_ink_sac":6,"minecraft:glass_bottle":1,"minecraft:diamond":5,"minecraft:dark_oak_slab":3,"minecraft:leather":2,"iceandfire:ectoplasm":1,"minecraft:jungle_planks":7,"minecraft:leather_helmet":1,"minecraft:red_mushroom":3,"minecraft:red_carpet":6,"born_in_chaos_v1:monster_flesh":5,"minecraft:dirt":12,"tombstone:bag_of_seeds":2,"born_in_chaos_v1:monster_skin":1,"minecraft:crimson_roots":5,"minecraft:wooden_sword":1,"minecraft:gold_nugget":51,"minecraft:sand":1,"minecraft:iron_pickaxe":1,"minecraft:acacia_door":1,"ars_nouveau:wilden_horn":4,"minecraft:gold_ingot":13,"minecraft:bone":5,"minecraft:gravel":15,"minecraft:stone_axe":3,"soulsweapons:moonstone_axe":2,"minecraft:sugar_cane":2,"blue_skies:winter_leaf_seeds":3,"minecraft:iron_nugget":28,"alexsmobs:animal_dictionary":1,"minecraft:nether_brick":79,"minecraft:wheat":3,"born_in_chaos_v1:ethereal_spirit":5,"tombstone:gift":1,"blue_skies:scalefruit_seeds":2,"minecraft:rotten_flesh":84,"born_in_chaos_v1:smoked_flesh":2,"sophisticatedbackpacks:diamond_backpack":1,"minecraft:carrot":1,"patchouli:guide_book":1,"minecraft:tipped_arrow":10,"minecraft:gunpowder":17,"minecraft:melon_seeds":6,"born_in_chaos_v1:corpse_maggot":16,"minecraft:chainmail_boots":1,"minecraft:leather_leggings":1,"stalwart_dungeons:transient_block_close":3,"minecraft:iron_bars":16,"minecraft:red_nether_bricks":2,"minecraft:arrow":15,"minecraft:quartz":12,"minecraft:netherrack":18,"minecraft:enchanted_book":1,"minecraft:golden_boots":1,"minecraft:bread":1,"minecraft:wheat_seeds":4,"minecraft:golden_horse_armor":2,"minecraft:book":4,"minecraft:spruce_stairs":2,"minecraft:coal":9,"minecraft:stick":3,"minecraft:jungle_slab":9,"ars_nouveau:worn_notebook":1,"minecraft:brown_concrete_powder":1,"minecraft:gray_wool":1,"minecraft:diorite":3,"minecraft:torch":4,"minecraft:brown_wool":1,"minecraft:potion":1,"minecraft:iron_leggings":3,"minecraft:iron_axe":4,"minecraft:string":23,"ars_nouveau:caster_tome":1,"minecraft:redstone":15,"epicfight:uchigatana":3,"minecraft:raw_iron":24,"minecraft:light_gray_wool":1,"minecraft:nether_bricks":4,"minecraft:pumpkin_seeds":1,"minecraft:shield":2,"minecraft:spruce_planks":8,"minecraft:oak_sapling":27,"ars_nouveau:starbuncle_shards":1,"minecraft:spider_eye":2,"minecraft:stone_pickaxe":1,"minecraft:wooden_pickaxe":1,"minecraft:magma_block":5,"epicfight:skillbook":3},"minecraft:used":{"minecraft:writable_book":1,"minecraft:shield":36,"minecraft:red_nether_brick_stairs":2,"wom:golden_monocle":2,"soulsweapons:moonstone_axe":197,"minecraft:nether_bricks":3,"born_in_chaos_v1:soul_cutlass":1,"minecraft:tuff":2,"minecraft:obsidian":5,"born_in_chaos_v1:smoked_flesh":6,"minecraft:iron_helmet":1,"stalwart_dungeons:spore_vaporizer":1,"minecraft:crimson_roots":2,"minecraft:magma_block":5,"minecraft:brown_carpet":4,"minecraft:furnace":15,"epicfight:skillbook":32,"minecraft:stone_pickaxe":44,"minecraft:oak_planks":2,"minecraft:wooden_pickaxe":6,"stalwart_dungeons:transient_block_close":4,"minecraft:golden_apple":1,"soulsweapons:bluemoon_shortsword":511,"minecraft:dripstone_block":1,"minecraft:black_concrete":1,"minecraft:melon_slice":68,"minecraft:bread":90,"born_in_chaos_v1:black_argillite_brick_n":1,"minecraft:wooden_sword":24,"minecraft:grindstone":3,"wom:moonless":588,"minecraft:iron_bars":6,"minecraft:stone_sword":131,"minecraft:enchanting_table":15,"minecraft:dried_kelp":1,"iceandfire:copper_ore":1,"minecraft:netherrack":4,"minecraft:torch":112,"minecraft:dirt":21,"minecraft:anvil":2,"minecraft:granite":1,"minecraft:bookshelf":56,"minecraft:iron_boots":1,"tombstone:gift":4,"minecraft:cooked_beef":19,"minecraft:cobbled_deepslate":153,"minecraft:brown_bed":7,"minecraft:iron_leggings":1,"minecraft:water_bucket":121,"minecraft:baked_potato":11,"minecraft:brown_mushroom":1,"soulsweapons:moonstone_pickaxe":552,"minecraft:crafting_table":24,"minecraft:cod":8,"tombstone:bag_of_seeds":1,"minecraft:apple":5,"minecraft:iron_pickaxe":249,"minecraft:cracked_nether_bricks":1,"minecraft:stone_axe":2,"stalwart_dungeons:stone_hammer":13,"enchantinginfuser:enchanting_infuser":1,"minecraft:potion":1,"minecraft:cobblestone":29,"minecraft:cooked_porkchop":2,"soulsweapons:forlorn_leggings":3,"minecraft:bucket":123,"minecraft:gray_wool":1,"epicfight:uchigatana":1}},"DataVersion":2975}