{"stats":{"minecraft:custom":{"minecraft:interact_with_crafting_table":75,"minecraft:open_barrel":64,"minecraft:leave_game":3,"minecraft:time_since_death":241507,"minecraft:sprint_one_cm":786770,"minecraft:damage_blocked_by_shield":1286,"minecraft:drop":95,"minecraft:play_time":259376,"minecraft:deaths":4,"minecraft:jump":3833,"minecraft:interact_with_brewingstand":2,"minecraft:walk_on_water_one_cm":63227,"minecraft:enchant_item":5,"minecraft:interact_with_furnace":68,"minecraft:sleep_in_bed":6,"minecraft:damage_dealt":31547,"minecraft:player_kills":1,"minecraft:crouch_one_cm":44504,"tombstone:undead_killed":66,"minecraft:interact_with_smoker":1,"minecraft:inspect_dispenser":10,"minecraft:mob_kills":178,"minecraft:damage_dealt_resisted":4468,"minecraft:climb_one_cm":19843,"minecraft:walk_one_cm":1297810,"minecraft:damage_dealt_absorbed":831,"minecraft:sneak_time":7029,"minecraft:walk_under_water_one_cm":15115,"minecraft:total_world_time":259376,"tombstone:raider_killed":3,"minecraft:interact_with_grindstone":5,"minecraft:time_since_rest":9032,"minecraft:damage_taken":3001,"minecraft:damage_absorbed":9311,"minecraft:swim_one_cm":65188,"minecraft:fly_one_cm":1327822,"minecraft:open_chest":44,"minecraft:fall_one_cm":128122},"minecraft:used":{"minecraft:shield":29,"wom:golden_monocle":2,"soulsweapons:moonstone_axe":189,"born_in_chaos_v1:soul_cutlass":1,"minecraft:tuff":2,"minecraft:iron_helmet":1,"minecraft:brown_carpet":4,"minecraft:furnace":15,"epicfight:skillbook":16,"minecraft:stone_pickaxe":44,"minecraft:oak_planks":1,"minecraft:wooden_pickaxe":6,"soulsweapons:bluemoon_shortsword":429,"minecraft:dripstone_block":1,"minecraft:black_concrete":1,"minecraft:melon_slice":68,"minecraft:bread":46,"born_in_chaos_v1:black_argillite_brick_n":1,"minecraft:wooden_sword":24,"minecraft:grindstone":1,"wom:moonless":3,"minecraft:enchanting_table":9,"minecraft:stone_sword":131,"iceandfire:copper_ore":1,"minecraft:torch":12,"minecraft:dirt":21,"minecraft:granite":1,"minecraft:bookshelf":56,"minecraft:iron_boots":1,"tombstone:gift":3,"minecraft:cobbled_deepslate":109,"minecraft:iron_leggings":1,"minecraft:brown_bed":4,"minecraft:water_bucket":71,"soulsweapons:moonstone_pickaxe":287,"minecraft:crafting_table":20,"minecraft:cod":8,"tombstone:bag_of_seeds":1,"minecraft:apple":2,"minecraft:iron_pickaxe":249,"minecraft:stone_axe":2,"stalwart_dungeons:stone_hammer":13,"enchantinginfuser:enchanting_infuser":1,"minecraft:cobblestone":29,"minecraft:bucket":72,"minecraft:gray_wool":1,"epicfight:uchigatana":1},"minecraft:killed_by":{"ars_nouveau:wilden_hunter":1,"minecraft:spider":3},"minecraft:dropped":{"twilightforest:magic_beans":2,"minecraft:glow_ink_sac":3,"minecraft:dark_oak_slab":3,"minecraft:jungle_planks":7,"iceandfire:ectoplasm":1,"minecraft:red_mushroom":3,"minecraft:red_carpet":6,"born_in_chaos_v1:monster_flesh":3,"minecraft:dirt":12,"tombstone:bag_of_seeds":2,"minecraft:gold_nugget":4,"minecraft:wooden_sword":1,"minecraft:sand":1,"minecraft:iron_pickaxe":1,"minecraft:acacia_door":1,"ars_nouveau:wilden_horn":1,"soulsweapons:moonstone_axe":2,"minecraft:stone_axe":2,"minecraft:sugar_cane":2,"blue_skies:winter_leaf_seeds":3,"minecraft:iron_nugget":5,"alexsmobs:animal_dictionary":1,"born_in_chaos_v1:ethereal_spirit":2,"blue_skies:scalefruit_seeds":2,"minecraft:rotten_flesh":33,"minecraft:carrot":1,"patchouli:guide_book":1,"minecraft:tipped_arrow":2,"minecraft:gunpowder":16,"minecraft:melon_seeds":6,"born_in_chaos_v1:corpse_maggot":9,"minecraft:arrow":8,"minecraft:enchanted_book":1,"minecraft:bread":1,"minecraft:wheat_seeds":2,"minecraft:golden_horse_armor":2,"minecraft:book":4,"minecraft:spruce_stairs":2,"minecraft:coal":4,"minecraft:stick":1,"minecraft:jungle_slab":9,"ars_nouveau:worn_notebook":1,"minecraft:brown_concrete_powder":1,"minecraft:gray_wool":1,"minecraft:diorite":3,"minecraft:torch":4,"minecraft:brown_wool":1,"minecraft:iron_leggings":3,"minecraft:string":23,"ars_nouveau:caster_tome":1,"epicfight:uchigatana":3,"minecraft:raw_iron":24,"minecraft:light_gray_wool":1,"minecraft:pumpkin_seeds":1,"minecraft:spruce_planks":8,"minecraft:oak_sapling":27,"ars_nouveau:starbuncle_shards":1,"minecraft:spider_eye":1,"minecraft:stone_pickaxe":1,"minecraft:wooden_pickaxe":1,"epicfight:skillbook":2},"minecraft:mined":{"minecraft:spruce_planks":9,"minecraft:jungle_slab":9,"minecraft:brewing_stand":1,"minecraft:obsidian":16,"minecraft:granite":2,"born_in_chaos_v1:dark_metal_deposit":2,"minecraft:grass_block":1,"sophisticatedbackpacks:iron_backpack":1,"minecraft:coal_block":9,"minecraft:spawner":6,"minecraft:iron_ore":121,"minecraft:cobbled_deepslate":20,"minecraft:brown_bed":5,"minecraft:enchanting_table":8,"minecraft:deepslate_redstone_ore":13,"soulsweapons:verglas_ore_deepslate":14,"minecraft:torch":2,"minecraft:poppy":6,"minecraft:melon":14,"minecraft:mushroom_stem":1,"minecraft:cobblestone":3,"minecraft:grindstone":1,"minecraft:wall_torch":6,"minecraft:tnt":3,"minecraft:grass":12,"minecraft:sand":4,"minecraft:dirt":3,"born_in_chaos_v1:infernal_evil_pumpkin_s":1,"minecraft:deepslate":112,"soulsweapons:verglas_ore":7,"minecraft:diamond_ore":5,"minecraft:tuff":3,"minecraft:deepslate_diamond_ore":29,"enchantinginfuser:enchanting_infuser":1,"born_in_chaos_v1:infected_diamond_ore":3,"minecraft:jungle_planks":9,"minecraft:spruce_leaves":10,"minecraft:hay_block":24,"minecraft:furnace":17,"iceandfire:copper_ore":1,"treechop:chopped_log":3,"minecraft:black_concrete":1,"soulsweapons:moonstone_ore_deepslate":47,"minecraft:bookshelf":79,"minecraft:deepslate_iron_ore":43,"minecraft:stone":52,"minecraft:brown_carpet":4,"minecraft:dandelion":2,"minecraft:crafting_table":18,"minecraft:tall_grass":2,"minecraft:deepslate_gold_ore":26,"minecraft:lapis_ore":6,"minecraft:diorite":3,"minecraft:spruce_stairs":4,"minecraft:coal_ore":13,"minecraft:dripstone_block":1,"minecraft:cobweb":3,"minecraft:gold_ore":4,"minecraft:fern":2},"minecraft:killed":{"minecraft:cave_spider":1,"born_in_chaos_v1:mr_pumpkin":4,"minecraft:witch":1,"born_in_chaos_v1:restless_spirit":1,"born_in_chaos_v1:door_knight_not_despawn":1,"born_in_chaos_v1:sir_the_headless":1,"minecraft:spider":9,"minecraft:skeleton":13,"realmrpg_demons:chort":1,"born_in_chaos_v1:baby_skeleton_2":1,"alexsmobs:centipede_head":1,"artifacts:mimic":2,"minecraft:pig":9,"born_in_chaos_v1:diamond_termite":3,"minecraft:sheep":22,"minecraft:pillager":2,"minecraft:zombie":35,"born_in_chaos_v1:corpse_fly":11,"minecraft:stray":1,"born_in_chaos_v1:door_knight":3,"minecraft:cow":2,"alexsmobs:tiger":1,"alexsmobs:raccoon":1,"born_in_chaos_v1:zombie_bruiser":1,"born_in_chaos_v1:maggot":3,"born_in_chaos_v1:pumpkinhead":1,"alexsmobs:bison":1,"ars_nouveau:summon_wolf":8,"graveyard:ghoul":2,"born_in_chaos_v1:baby_skeleton":1,"born_in_chaos_v1:swarmer":1,"born_in_chaos_v1:spirit_guide_assistant":1,"iceandfire:troll":1,"minecraft:bat":1,"born_in_chaos_v1:decrepit_skeleton":6,"born_in_chaos_v1:bloody_gadfly":1,"ars_nouveau:wilden_stalker":3,"born_in_chaos_v1:dark_vortex":1,"ars_nouveau:wilden_hunter":6,"minecraft:enderman":2},"minecraft:broken":{"minecraft:iron_boots":1,"minecraft:iron_chestplate":1,"minecraft:stone_sword":1,"minecraft:iron_helmet":1},"minecraft:picked_up":{"iceandfire:copper_ore":1,"minecraft:brown_bed":5,"soulsweapons:moonstone":47,"minecraft:enchanted_book":1,"minecraft:brewing_stand":1,"minecraft:string":38,"minecraft:iron_leggings":3,"minecraft:gold_nugget":2,"minecraft:cobbled_deepslate":130,"minecraft:spruce_planks":8,"minecraft:melon_slice":68,"minecraft:coal_block":9,"minecraft:furnace":17,"minecraft:stick":17,"minecraft:torch":20,"minecraft:spruce_stairs":2,"epicfight:skillbook":6,"minecraft:porkchop":16,"tombstone:grave_dust":16,"minecraft:diorite":3,"minecraft:brown_carpet":4,"minecraft:black_dye":1,"minecraft:rotten_flesh":59,"artifacts:villager_hat":1,"minecraft:obsidian":16,"minecraft:cobblestone":99,"minecraft:enchanting_table":8,"minecraft:brown_wool":1,"useless_sword:enderman_scale":1,"alexsmobs:bison_fur":1,"paraglider:spirit_orb":14,"minecraft:tuff":2,"minecraft:lapis_lazuli":42,"minecraft:dirt":33,"minecraft:bone":21,"minecraft:wheat_seeds":2,"ars_nouveau:source_gem":1,"minecraft:raw_gold":30,"minecraft:grindstone":1,"minecraft:black_terracotta":3,"minecraft:sand":1,"minecraft:jungle_planks":7,"soulsweapons:moonstone_axe":2,"sophisticatedbackpacks:iron_backpack":1,"minecraft:grass_block":1,"minecraft:jungle_slab":9,"minecraft:dark_oak_log":48,"ars_nouveau:wilden_horn":1,"minecraft:bundle":2,"minecraft:diamond":33,"minecraft:black_concrete":1,"enchantinginfuser:enchanting_infuser":1,"minecraft:granite":1,"minecraft:bread":1,"soulsweapons:verglas":21,"minecraft:golden_horse_armor":1,"minecraft:oak_sapling":27,"minecraft:crafting_table":18,"minecraft:acacia_door":1,"minecraft:beef":12,"minecraft:iron_nugget":5,"minecraft:poppy":6,"minecraft:light_gray_wool":1,"minecraft:dark_oak_sapling":6,"minecraft:raw_iron":195,"sophisticatedbackpacks:backpack":1,"minecraft:brown_concrete_powder":1,"minecraft:redstone":59,"born_in_chaos_v1:pieceofdarkmetal":4,"minecraft:carrot":3,"minecraft:dark_oak_planks":26,"minecraft:tnt":5,"artifacts:snorkel":1,"twilightforest:magic_beans":1,"minecraft:arrow":13,"minecraft:hay_block":27,"minecraft:saddle":1,"minecraft:gold_ingot":1,"minecraft:mutton":36,"minecraft:white_wool":19,"born_in_chaos_v1:corpse_maggot":9,"born_in_chaos_v1:monster_flesh":3,"born_in_chaos_v1:pumpkin_staff":1,"minecraft:glow_ink_sac":3,"minecraft:leather":3,"minecraft:red_mushroom":3,"ars_nouveau:wilden_wing":2,"minecraft:oak_log":53,"iceandfire:ectoplasm":1,"minecraft:gunpowder":16,"minecraft:white_banner":1,"tombstone:gift":1,"minecraft:red_carpet":6,"born_in_chaos_v1:soul_cutlass":1,"minecraft:apple":5,"minecraft:iron_ingot":3,"tombstone:bag_of_seeds":2,"born_in_chaos_v1:fel_lamp":1,"minecraft:book":237,"minecraft:dark_oak_slab":3,"born_in_chaos_v1:ethereal_spirit":2,"minecraft:dandelion":2,"minecraft:dripstone_block":1,"epicfight:uchigatana":2,"minecraft:spruce_sapling":1,"minecraft:spider_eye":4,"minecraft:stone_axe":1,"minecraft:gray_wool":2,"tombstone:magic_scroll":2,"minecraft:coal":14,"minecraft:dark_oak_wood":5},"minecraft:crafted":{"minecraft:grindstone":1,"minecraft:smooth_stone":8,"minecraft:oak_planks":100,"minecraft:stone":11,"minecraft:bookshelf":38,"minecraft:iron_boots":2,"soulsweapons:moonstone_axe":1,"enchantinginfuser:enchanting_infuser":1,"minecraft:crafting_table":3,"minecraft:wooden_pickaxe":1,"minecraft:iron_helmet":1,"minecraft:iron_chestplate":2,"minecraft:shield":1,"minecraft:stick":16,"minecraft:stone_slab":6,"minecraft:iron_pickaxe":1,"minecraft:iron_ingot":80,"minecraft:stone_sword":1,"minecraft:gold_ingot":16,"minecraft:wooden_sword":1,"minecraft:furnace":2,"minecraft:stone_pickaxe":1,"soulsweapons:moonstone_pickaxe":2,"minecraft:dark_oak_planks":140,"minecraft:wheat":153,"sophisticatedbackpacks:iron_backpack":1,"paraglider:paraglider":1,"soulsweapons:bluemoon_shortsword":1,"minecraft:enchanting_table":1,"sophisticatedbackpacks:gold_backpack":3,"minecraft:bucket":1,"minecraft:stone_axe":1,"minecraft:bread":56,"minecraft:air":0,"minecraft:raw_gold":54,"minecraft:iron_leggings":3,"stalwart_dungeons:stone_hammer":1,"minecraft:torch":4}},"DataVersion":2975}