{"stats":{"minecraft:killed":{"minecraft:cave_spider":1,"born_in_chaos_v1:mr_pumpkin":4,"minecraft:witch":1,"born_in_chaos_v1:restless_spirit":1,"born_in_chaos_v1:skeleton_demoman":1,"born_in_chaos_v1:sir_the_headless":1,"born_in_chaos_v1:door_knight_not_despawn":1,"minecraft:spider":12,"born_in_chaos_v1:baby_skeleton_minion":2,"minecraft:skeleton":16,"realmrpg_demons:chort":1,"born_in_chaos_v1:baby_skeleton_2":1,"alexsmobs:centipede_head":1,"artifacts:mimic":2,"born_in_chaos_v1:bonescaller":1,"minecraft:pig":9,"born_in_chaos_v1:diamond_termite":9,"alexsmobs:seal":1,"minecraft:sheep":23,"minecraft:pillager":2,"minecraft:zombie":44,"born_in_chaos_v1:dread_hound":3,"born_in_chaos_v1:corpse_fly":18,"minecraft:stray":1,"born_in_chaos_v1:door_knight":3,"minecraft:cow":3,"minecraft:vex":2,"minecraft:evoker":2,"alexsmobs:tiger":1,"alexsmobs:raccoon":1,"minecraft:vindicator":8,"born_in_chaos_v1:zombie_bruiser":1,"born_in_chaos_v1:maggot":6,"born_in_chaos_v1:pumpkinhead":1,"ars_nouveau:summon_wolf":16,"alexsmobs:bison":1,"born_in_chaos_v1:spirit_guide":1,"graveyard:ghoul":2,"born_in_chaos_v1:baby_skeleton":2,"born_in_chaos_v1:swarmer":2,"born_in_chaos_v1:spirit_guide_assistant":1,"iceandfire:troll":1,"minecraft:bat":1,"born_in_chaos_v1:decrepit_skeleton":9,"born_in_chaos_v1:bloody_gadfly":1,"ars_nouveau:wilden_stalker":7,"born_in_chaos_v1:dark_vortex":2,"ars_nouveau:wilden_hunter":9,"born_in_chaos_v1:decaying_zombie_not_despawn":2,"minecraft:enderman":3},"minecraft:custom":{"minecraft:interact_with_crafting_table":83,"minecraft:open_barrel":83,"minecraft:leave_game":6,"minecraft:time_since_death":10615,"minecraft:sprint_one_cm":1267916,"minecraft:damage_blocked_by_shield":1476,"minecraft:drop":120,"minecraft:play_time":373823,"minecraft:deaths":6,"minecraft:jump":5096,"minecraft:interact_with_brewingstand":2,"minecraft:walk_on_water_one_cm":82218,"minecraft:enchant_item":10,"minecraft:interact_with_furnace":68,"minecraft:sleep_in_bed":9,"minecraft:damage_dealt":45927,"minecraft:player_kills":5,"minecraft:crouch_one_cm":50320,"tombstone:undead_killed":90,"minecraft:interact_with_smoker":1,"minecraft:inspect_dispenser":10,"minecraft:mob_kills":258,"minecraft:interact_with_anvil":3,"minecraft:damage_dealt_resisted":4559,"minecraft:climb_one_cm":20703,"minecraft:walk_one_cm":1942380,"minecraft:damage_dealt_absorbed":831,"minecraft:sneak_time":7748,"minecraft:walk_under_water_one_cm":17059,"minecraft:total_world_time":373823,"tombstone:raider_killed":13,"minecraft:interact_with_grindstone":7,"minecraft:time_since_rest":10639,"minecraft:damage_taken":4263,"minecraft:damage_absorbed":12469,"minecraft:trigger_trapped_chest":3,"minecraft:swim_one_cm":70952,"minecraft:fly_one_cm":1835700,"minecraft:open_chest":61,"minecraft:fall_one_cm":161068},"minecraft:used":{"minecraft:shield":31,"wom:golden_monocle":2,"soulsweapons:moonstone_axe":193,"born_in_chaos_v1:soul_cutlass":1,"minecraft:tuff":2,"minecraft:obsidian":5,"born_in_chaos_v1:smoked_flesh":6,"minecraft:iron_helmet":1,"minecraft:brown_carpet":4,"minecraft:furnace":15,"epicfight:skillbook":23,"minecraft:stone_pickaxe":44,"minecraft:oak_planks":2,"minecraft:wooden_pickaxe":6,"soulsweapons:bluemoon_shortsword":462,"minecraft:dripstone_block":1,"minecraft:black_concrete":1,"minecraft:melon_slice":68,"minecraft:bread":70,"born_in_chaos_v1:black_argillite_brick_n":1,"minecraft:wooden_sword":24,"minecraft:grindstone":3,"wom:moonless":154,"minecraft:enchanting_table":15,"minecraft:stone_sword":131,"minecraft:netherrack":1,"iceandfire:copper_ore":1,"minecraft:torch":20,"minecraft:dirt":21,"minecraft:anvil":1,"minecraft:granite":1,"minecraft:bookshelf":56,"minecraft:iron_boots":1,"tombstone:gift":4,"minecraft:cobbled_deepslate":140,"minecraft:brown_bed":6,"minecraft:iron_leggings":1,"minecraft:water_bucket":117,"soulsweapons:moonstone_pickaxe":403,"minecraft:crafting_table":23,"minecraft:cod":8,"tombstone:bag_of_seeds":1,"minecraft:apple":2,"minecraft:iron_pickaxe":249,"minecraft:stone_axe":2,"stalwart_dungeons:stone_hammer":13,"enchantinginfuser:enchanting_infuser":1,"minecraft:cobblestone":29,"minecraft:bucket":119,"minecraft:gray_wool":1,"epicfight:uchigatana":1},"minecraft:dropped":{"twilightforest:magic_beans":2,"minecraft:diamond_axe":1,"minecraft:glow_ink_sac":6,"minecraft:dark_oak_slab":3,"iceandfire:ectoplasm":1,"minecraft:jungle_planks":7,"minecraft:red_mushroom":3,"minecraft:red_carpet":6,"born_in_chaos_v1:monster_flesh":5,"minecraft:dirt":12,"tombstone:bag_of_seeds":2,"born_in_chaos_v1:monster_skin":1,"minecraft:gold_nugget":4,"minecraft:wooden_sword":1,"minecraft:sand":1,"minecraft:iron_pickaxe":1,"minecraft:acacia_door":1,"ars_nouveau:wilden_horn":4,"soulsweapons:moonstone_axe":2,"minecraft:stone_axe":2,"minecraft:sugar_cane":2,"blue_skies:winter_leaf_seeds":3,"minecraft:iron_nugget":5,"alexsmobs:animal_dictionary":1,"tombstone:gift":1,"born_in_chaos_v1:ethereal_spirit":3,"blue_skies:scalefruit_seeds":2,"minecraft:rotten_flesh":56,"born_in_chaos_v1:smoked_flesh":2,"minecraft:carrot":1,"patchouli:guide_book":1,"minecraft:tipped_arrow":2,"minecraft:gunpowder":17,"minecraft:melon_seeds":6,"born_in_chaos_v1:corpse_maggot":16,"minecraft:arrow":8,"minecraft:enchanted_book":1,"minecraft:bread":1,"minecraft:wheat_seeds":3,"minecraft:golden_horse_armor":2,"minecraft:book":4,"minecraft:spruce_stairs":2,"minecraft:coal":4,"minecraft:stick":1,"minecraft:jungle_slab":9,"ars_nouveau:worn_notebook":1,"minecraft:brown_concrete_powder":1,"minecraft:gray_wool":1,"minecraft:diorite":3,"minecraft:torch":4,"minecraft:brown_wool":1,"minecraft:iron_leggings":3,"minecraft:iron_axe":4,"minecraft:string":23,"ars_nouveau:caster_tome":1,"epicfight:uchigatana":3,"minecraft:raw_iron":24,"minecraft:light_gray_wool":1,"minecraft:pumpkin_seeds":1,"minecraft:spruce_planks":8,"minecraft:oak_sapling":27,"ars_nouveau:starbuncle_shards":1,"minecraft:spider_eye":1,"minecraft:stone_pickaxe":1,"minecraft:wooden_pickaxe":1,"epicfight:skillbook":3},"minecraft:mined":{"minecraft:spruce_planks":9,"minecraft:jungle_slab":9,"minecraft:brewing_stand":1,"minecraft:obsidian":26,"minecraft:granite":2,"minecraft:grass_block":1,"born_in_chaos_v1:dark_metal_deposit":2,"sophisticatedbackpacks:iron_backpack":1,"minecraft:coal_block":9,"minecraft:spawner":6,"minecraft:iron_ore":121,"minecraft:cobbled_deepslate":40,"minecraft:anvil":1,"minecraft:enchanting_table":15,"minecraft:brown_bed":7,"minecraft:deepslate_redstone_ore":13,"soulsweapons:verglas_ore_deepslate":17,"born_in_chaos_v1:infected_deepslate_diamond_ore":3,"minecraft:torch":5,"minecraft:poppy":6,"minecraft:melon":14,"minecraft:mushroom_stem":1,"minecraft:cobblestone":9,"minecraft:grindstone":3,"minecraft:wall_torch":7,"minecraft:tnt":3,"minecraft:grass":14,"minecraft:sand":4,"minecraft:dirt":3,"born_in_chaos_v1:infernal_evil_pumpkin_s":1,"minecraft:deepslate":123,"soulsweapons:verglas_ore":7,"minecraft:diamond_ore":5,"minecraft:tuff":3,"iceandfire:silver_ore":1,"minecraft:deepslate_diamond_ore":42,"enchantinginfuser:enchanting_infuser":1,"born_in_chaos_v1:infected_diamond_ore":3,"minecraft:jungle_planks":9,"minecraft:spruce_leaves":10,"minecraft:hay_block":24,"minecraft:furnace":17,"iceandfire:copper_ore":1,"minecraft:black_concrete":1,"treechop:chopped_log":3,"soulsweapons:moonstone_ore_deepslate":50,"minecraft:bookshelf":79,"minecraft:deepslate_iron_ore":69,"minecraft:stone":52,"minecraft:glass_pane":2,"minecraft:brown_carpet":4,"minecraft:dandelion":2,"minecraft:crafting_table":21,"minecraft:tall_grass":2,"minecraft:lapis_ore":6,"minecraft:deepslate_gold_ore":36,"minecraft:diorite":3,"minecraft:spruce_stairs":4,"minecraft:coal_ore":13,"minecraft:dripstone_block":1,"minecraft:cobweb":3,"minecraft:gold_ore":4,"minecraft:fern":2},"minecraft:broken":{"minecraft:iron_boots":2,"minecraft:iron_chestplate":2,"minecraft:iron_leggings":1,"minecraft:stone_sword":1,"minecraft:iron_helmet":1},"minecraft:picked_up":{"iceandfire:copper_ore":1,"minecraft:anvil":1,"soulsweapons:moonstone":52,"minecraft:brown_bed":7,"minecraft:enchanted_book":1,"minecraft:brewing_stand":1,"minecraft:string":43,"minecraft:iron_leggings":3,"minecraft:gold_nugget":2,"minecraft:cobbled_deepslate":159,"minecraft:spruce_planks":8,"minecraft:melon_slice":68,"minecraft:coal_block":9,"minecraft:furnace":17,"minecraft:stick":17,"minecraft:torch":24,"minecraft:spruce_stairs":2,"epicfight:skillbook":9,"minecraft:porkchop":16,"tombstone:grave_dust":21,"minecraft:diorite":3,"minecraft:brown_carpet":4,"minecraft:black_dye":1,"minecraft:rotten_flesh":86,"artifacts:villager_hat":1,"minecraft:obsidian":25,"minecraft:cobblestone":99,"minecraft:enchanting_table":15,"epicfight:stone_spear":1,"minecraft:brown_wool":1,"useless_sword:enderman_scale":1,"alexsmobs:bison_fur":1,"paraglider:spirit_orb":14,"minecraft:tuff":2,"minecraft:lapis_lazuli":42,"minecraft:dirt":33,"born_in_chaos_v1:monster_skin":1,"minecraft:bone":35,"ars_nouveau:source_gem":1,"minecraft:wheat_seeds":3,"minecraft:raw_gold":53,"minecraft:grindstone":3,"minecraft:oak_planks":1,"minecraft:black_terracotta":3,"minecraft:jungle_planks":7,"minecraft:sand":1,"soulsweapons:moonstone_axe":2,"sophisticatedbackpacks:iron_backpack":1,"minecraft:grass_block":1,"minecraft:jungle_slab":9,"minecraft:dark_oak_log":48,"ars_nouveau:wilden_horn":6,"minecraft:bundle":2,"minecraft:diamond":60,"minecraft:black_concrete":1,"enchantinginfuser:enchanting_infuser":1,"minecraft:granite":1,"minecraft:emerald":18,"minecraft:bread":1,"soulsweapons:verglas":28,"minecraft:golden_horse_armor":1,"minecraft:oak_sapling":27,"minecraft:netherrack":1,"minecraft:crafting_table":21,"born_in_chaos_v1:diamond_termite_shard":6,"born_in_chaos_v1:seedof_chaos":2,"minecraft:iron_axe":4,"minecraft:acacia_door":1,"minecraft:beef":12,"minecraft:iron_nugget":5,"minecraft:poppy":6,"minecraft:light_gray_wool":1,"minecraft:dark_oak_sapling":6,"minecraft:raw_iron":253,"sophisticatedbackpacks:backpack":1,"minecraft:brown_concrete_powder":1,"minecraft:redstone":59,"minecraft:carrot":3,"born_in_chaos_v1:pieceofdarkmetal":5,"minecraft:dark_oak_planks":26,"minecraft:tnt":5,"artifacts:snorkel":1,"twilightforest:magic_beans":1,"minecraft:arrow":19,"minecraft:hay_block":27,"minecraft:totem_of_undying":2,"minecraft:saddle":1,"minecraft:gold_ingot":1,"minecraft:mutton":37,"minecraft:white_wool":20,"born_in_chaos_v1:corpse_maggot":16,"born_in_chaos_v1:monster_flesh":5,"born_in_chaos_v1:pumpkin_staff":1,"minecraft:glow_ink_sac":6,"minecraft:leather":3,"minecraft:red_mushroom":3,"ars_nouveau:wilden_wing":8,"minecraft:oak_log":53,"iceandfire:ectoplasm":1,"minecraft:gunpowder":17,"minecraft:white_banner":1,"tombstone:gift":1,"minecraft:red_carpet":6,"born_in_chaos_v1:soul_cutlass":1,"minecraft:apple":5,"born_in_chaos_v1:smoked_flesh":2,"minecraft:iron_ingot":3,"tombstone:bag_of_seeds":2,"born_in_chaos_v1:fel_lamp":1,"minecraft:book":237,"minecraft:dark_oak_slab":3,"born_in_chaos_v1:ethereal_spirit":3,"minecraft:dandelion":2,"minecraft:dripstone_block":1,"epicfight:uchigatana":2,"minecraft:spruce_sapling":1,"minecraft:spider_eye":6,"useless_sword:vex_ectoplasm":2,"minecraft:stone_axe":1,"minecraft:gray_wool":2,"tombstone:magic_scroll":2,"minecraft:dark_oak_wood":5,"minecraft:coal":14,"minecraft:ender_pearl":2},"minecraft:killed_by":{"ars_nouveau:wilden_hunter":1,"minecraft:player":2,"minecraft:spider":3},"minecraft:crafted":{"minecraft:grindstone":1,"minecraft:smooth_stone":8,"minecraft:oak_planks":100,"minecraft:stone":11,"minecraft:bookshelf":38,"minecraft:iron_boots":3,"soulsweapons:moonstone_axe":1,"enchantinginfuser:enchanting_infuser":1,"minecraft:crafting_table":3,"minecraft:iron_helmet":1,"minecraft:wooden_pickaxe":1,"minecraft:iron_chestplate":3,"minecraft:shield":1,"sophisticatedbackpacks:diamond_backpack":2,"minecraft:stick":16,"minecraft:stone_slab":6,"minecraft:iron_pickaxe":1,"minecraft:iron_ingot":80,"minecraft:iron_block":3,"minecraft:stone_sword":1,"minecraft:gold_ingot":16,"minecraft:wooden_sword":1,"minecraft:furnace":2,"minecraft:stone_pickaxe":1,"soulsweapons:moonstone_pickaxe":2,"minecraft:dark_oak_planks":140,"minecraft:wheat":153,"sophisticatedbackpacks:iron_backpack":1,"paraglider:paraglider":1,"soulsweapons:bluemoon_shortsword":1,"minecraft:enchanting_table":1,"sophisticatedbackpacks:gold_backpack":3,"minecraft:bucket":1,"minecraft:stone_axe":1,"minecraft:bread":56,"minecraft:air":0,"minecraft:raw_gold":54,"minecraft:iron_leggings":4,"minecraft:anvil":1,"stalwart_dungeons:stone_hammer":1,"minecraft:torch":4}},"DataVersion":2975}