{"stats":{"minecraft:used":{"minecraft:stone_sword":131,"minecraft:shield":13,"iceandfire:copper_ore":1,"minecraft:torch":6,"soulsweapons:moonstone_axe":30,"minecraft:tuff":2,"minecraft:granite":1,"minecraft:iron_helmet":1,"minecraft:iron_boots":1,"minecraft:brown_carpet":4,"minecraft:furnace":5,"tombstone:gift":2,"minecraft:cobbled_deepslate":68,"minecraft:iron_leggings":1,"minecraft:water_bucket":5,"epicfight:skillbook":7,"minecraft:stone_pickaxe":44,"minecraft:oak_planks":1,"minecraft:wooden_pickaxe":6,"soulsweapons:moonstone_pickaxe":139,"soulsweapons:bluemoon_shortsword":162,"minecraft:crafting_table":10,"minecraft:cod":8,"minecraft:dripstone_block":1,"tombstone:bag_of_seeds":1,"minecraft:apple":2,"minecraft:melon_slice":59,"minecraft:iron_pickaxe":249,"minecraft:stone_axe":2,"minecraft:wooden_sword":24,"minecraft:cobblestone":21,"minecraft:bucket":6,"minecraft:gray_wool":1},"minecraft:mined":{"minecraft:diamond_ore":5,"minecraft:tuff":3,"minecraft:deepslate_diamond_ore":11,"minecraft:brewing_stand":1,"born_in_chaos_v1:infected_diamond_ore":3,"minecraft:granite":2,"born_in_chaos_v1:dark_metal_deposit":2,"minecraft:spruce_leaves":5,"minecraft:hay_block":6,"minecraft:furnace":7,"iceandfire:copper_ore":1,"minecraft:iron_ore":121,"minecraft:cobbled_deepslate":9,"treechop:chopped_log":1,"minecraft:brown_bed":1,"soulsweapons:moonstone_ore_deepslate":37,"minecraft:deepslate_iron_ore":40,"minecraft:stone":45,"minecraft:deepslate_redstone_ore":13,"soulsweapons:verglas_ore_deepslate":12,"minecraft:brown_carpet":4,"minecraft:crafting_table":9,"minecraft:melon":14,"minecraft:mushroom_stem":1,"minecraft:tall_grass":2,"minecraft:cobblestone":3,"minecraft:lapis_ore":6,"minecraft:deepslate_gold_ore":15,"minecraft:diorite":3,"minecraft:wall_torch":6,"minecraft:grass":8,"minecraft:coal_ore":11,"minecraft:dripstone_block":1,"minecraft:cobweb":1,"minecraft:gold_ore":4,"minecraft:deepslate":72,"minecraft:fern":2,"soulsweapons:verglas_ore":7},"minecraft:dropped":{"twilightforest:magic_beans":1,"minecraft:wheat_seeds":2,"minecraft:red_mushroom":3,"minecraft:stick":1,"ars_nouveau:worn_notebook":1,"minecraft:gray_wool":1,"minecraft:diorite":3,"minecraft:torch":4,"minecraft:iron_leggings":1,"minecraft:wooden_sword":1,"minecraft:gold_nugget":4,"minecraft:iron_pickaxe":1,"ars_nouveau:wilden_horn":1,"soulsweapons:moonstone_axe":1,"minecraft:stone_axe":2,"minecraft:sugar_cane":2,"blue_skies:winter_leaf_seeds":3,"alexsmobs:animal_dictionary":1,"born_in_chaos_v1:ethereal_spirit":1,"blue_skies:scalefruit_seeds":2,"minecraft:rotten_flesh":12,"minecraft:pumpkin_seeds":1,"patchouli:guide_book":1,"minecraft:melon_seeds":6,"minecraft:oak_sapling":15,"minecraft:spider_eye":1,"minecraft:arrow":2,"minecraft:stone_pickaxe":1,"minecraft:wooden_pickaxe":1,"epicfight:skillbook":1},"minecraft:custom":{"minecraft:mob_kills":105,"minecraft:interact_with_crafting_table":33,"minecraft:open_barrel":22,"minecraft:damage_dealt_resisted":1503,"minecraft:leave_game":2,"minecraft:time_since_death":64132,"minecraft:climb_one_cm":9909,"minecraft:sprint_one_cm":278063,"minecraft:walk_one_cm":493288,"minecraft:damage_blocked_by_shield":335,"minecraft:drop":40,"minecraft:damage_dealt_absorbed":831,"minecraft:play_time":82001,"minecraft:deaths":4,"minecraft:sneak_time":3453,"minecraft:walk_under_water_one_cm":3495,"minecraft:interact_with_brewingstand":1,"minecraft:jump":1583,"minecraft:walk_on_water_one_cm":3711,"minecraft:total_world_time":82001,"minecraft:interact_with_furnace":18,"tombstone:raider_killed":1,"minecraft:time_since_rest":64158,"minecraft:damage_taken":1843,"minecraft:damage_absorbed":3453,"minecraft:damage_dealt":18158,"minecraft:fly_one_cm":376210,"minecraft:open_chest":7,"minecraft:crouch_one_cm":24697,"tombstone:undead_killed":48,"minecraft:fall_one_cm":57528},"minecraft:broken":{"minecraft:stone_sword":1},"minecraft:killed_by":{"minecraft:spider":3,"ars_nouveau:wilden_hunter":1},"minecraft:killed":{"minecraft:cave_spider":1,"minecraft:witch":1,"minecraft:spider":4,"born_in_chaos_v1:zombie_bruiser":1,"born_in_chaos_v1:maggot":3,"minecraft:skeleton":8,"realmrpg_demons:chort":1,"born_in_chaos_v1:baby_skeleton_2":1,"ars_nouveau:summon_wolf":8,"alexsmobs:centipede_head":1,"artifacts:mimic":2,"graveyard:ghoul":2,"born_in_chaos_v1:diamond_termite":3,"born_in_chaos_v1:swarmer":1,"born_in_chaos_v1:spirit_guide_assistant":1,"iceandfire:troll":1,"minecraft:bat":1,"born_in_chaos_v1:decrepit_skeleton":4,"minecraft:sheep":5,"born_in_chaos_v1:bloody_gadfly":1,"minecraft:zombie":28,"ars_nouveau:wilden_stalker":1,"born_in_chaos_v1:corpse_fly":11,"born_in_chaos_v1:dark_vortex":1,"ars_nouveau:wilden_hunter":6,"born_in_chaos_v1:door_knight":2},"minecraft:crafted":{"minecraft:wooden_sword":1,"minecraft:oak_planks":28,"minecraft:furnace":2,"minecraft:iron_boots":1,"soulsweapons:moonstone_axe":1,"minecraft:stone_pickaxe":1,"soulsweapons:moonstone_pickaxe":1,"minecraft:wheat":54,"soulsweapons:bluemoon_shortsword":1,"minecraft:crafting_table":2,"minecraft:wooden_pickaxe":1,"minecraft:iron_helmet":1,"minecraft:bucket":1,"minecraft:stone_axe":1,"minecraft:bread":23,"minecraft:air":0,"minecraft:iron_chestplate":1,"minecraft:shield":1,"minecraft:raw_gold":54,"minecraft:stick":16,"minecraft:iron_ingot":32,"minecraft:iron_pickaxe":1,"minecraft:stone_sword":1,"minecraft:iron_leggings":1,"minecraft:torch":4},"minecraft:picked_up":{"minecraft:crafting_table":9,"iceandfire:copper_ore":1,"minecraft:brown_bed":1,"soulsweapons:moonstone":37,"minecraft:brewing_stand":1,"minecraft:string":6,"minecraft:iron_leggings":1,"minecraft:gold_nugget":2,"minecraft:cobbled_deepslate":78,"minecraft:melon_slice":68,"minecraft:furnace":7,"minecraft:raw_iron":180,"minecraft:stick":7,"minecraft:torch":10,"sophisticatedbackpacks:backpack":1,"epicfight:skillbook":4,"tombstone:grave_dust":11,"minecraft:diorite":3,"born_in_chaos_v1:pieceofdarkmetal":4,"minecraft:redstone":59,"minecraft:brown_carpet":4,"artifacts:snorkel":1,"minecraft:arrow":2,"minecraft:rotten_flesh":29,"artifacts:villager_hat":1,"minecraft:hay_block":6,"minecraft:gold_ingot":1,"minecraft:mutton":9,"minecraft:cobblestone":50,"minecraft:white_wool":4,"born_in_chaos_v1:corpse_maggot":9,"minecraft:red_mushroom":3,"minecraft:tuff":2,"minecraft:oak_log":25,"minecraft:lapis_lazuli":42,"tombstone:gift":1,"minecraft:bone":15,"minecraft:apple":2,"minecraft:wheat_seeds":2,"minecraft:raw_gold":19,"tombstone:bag_of_seeds":1,"born_in_chaos_v1:ethereal_spirit":1,"minecraft:dripstone_block":1,"soulsweapons:moonstone_axe":1,"minecraft:spider_eye":1,"ars_nouveau:wilden_horn":1,"minecraft:bundle":1,"minecraft:diamond":15,"minecraft:stone_axe":1,"minecraft:granite":1,"minecraft:gray_wool":2,"soulsweapons:verglas":19,"minecraft:oak_sapling":15,"minecraft:coal":11}},"DataVersion":2975}