{"stats":{"minecraft:used":{"minecraft:stone_sword":6,"minecraft:apple":2,"minecraft:melon_slice":3,"minecraft:stone_pickaxe":6,"minecraft:wooden_pickaxe":6,"minecraft:stone_axe":1,"minecraft:wooden_sword":24,"minecraft:brown_carpet":4,"minecraft:crafting_table":3},"minecraft:mined":{"minecraft:hay_block":6,"minecraft:furnace":1,"minecraft:iron_ore":3,"minecraft:brown_carpet":4,"treechop:chopped_log":1,"minecraft:brewing_stand":1,"minecraft:crafting_table":2,"minecraft:brown_bed":1,"minecraft:grass":8,"minecraft:melon":14,"minecraft:mushroom_stem":1,"minecraft:cobweb":1,"minecraft:tall_grass":2,"minecraft:stone":7,"minecraft:fern":2},"minecraft:dropped":{"ars_nouveau:worn_notebook":1,"minecraft:wheat_seeds":2,"alexsmobs:animal_dictionary":1,"minecraft:rotten_flesh":2,"minecraft:wooden_sword":1,"minecraft:wooden_pickaxe":1,"patchouli:guide_book":1},"minecraft:custom":{"minecraft:time_since_rest":1937,"minecraft:sprint_one_cm":48002,"minecraft:damage_taken":966,"minecraft:walk_one_cm":104809,"minecraft:mob_kills":11,"minecraft:drop":8,"minecraft:damage_dealt":1468,"minecraft:interact_with_crafting_table":10,"minecraft:fly_one_cm":95097,"minecraft:open_barrel":7,"minecraft:open_chest":6,"minecraft:crouch_one_cm":347,"minecraft:play_time":16001,"tombstone:undead_killed":2,"minecraft:deaths":3,"minecraft:sneak_time":54,"minecraft:interact_with_brewingstand":1,"minecraft:jump":228,"minecraft:leave_game":2,"minecraft:time_since_death":1923,"minecraft:climb_one_cm":9390,"minecraft:total_world_time":16001,"minecraft:fall_one_cm":5500},"minecraft:killed_by":{"minecraft:spider":3},"minecraft:killed":{"minecraft:sheep":5,"minecraft:cave_spider":1,"minecraft:zombie":2,"minecraft:spider":2},"minecraft:crafted":{"minecraft:wooden_sword":1,"minecraft:oak_planks":16,"minecraft:crafting_table":2,"minecraft:stick":4,"minecraft:stone_pickaxe":1,"minecraft:wooden_pickaxe":1,"minecraft:stone_sword":1,"minecraft:stone_axe":1,"minecraft:bread":13,"minecraft:wheat":54},"minecraft:picked_up":{"minecraft:raw_iron":6,"minecraft:stick":6,"minecraft:crafting_table":2,"minecraft:brown_bed":1,"minecraft:oak_log":25,"tombstone:grave_dust":4,"minecraft:brewing_stand":1,"minecraft:spider_eye":1,"minecraft:string":5,"minecraft:brown_carpet":4,"minecraft:rotten_flesh":2,"minecraft:apple":2,"minecraft:wheat_seeds":2,"minecraft:hay_block":6,"minecraft:gray_wool":1,"minecraft:gold_ingot":1,"minecraft:oak_sapling":15,"minecraft:melon_slice":68,"minecraft:mutton":9,"minecraft:cobblestone":8,"minecraft:white_wool":4,"minecraft:furnace":1}},"DataVersion":2975}