{"stats":{"minecraft:mined":{"minecraft:iron_ore":1,"minecraft:andesite":1,"treechop:chopped_log":2,"minecraft:crafting_table":1,"minecraft:grass":10,"minecraft:grass_block":1,"minecraft:tall_grass":3,"minecraft:stone":65,"minecraft:fern":1},"minecraft:used":{"minecraft:wooden_axe":19,"minecraft:stone_pickaxe":55,"minecraft:wooden_pickaxe":12,"minecraft:wooden_sword":20,"minecraft:crafting_table":2,"minecraft:furnace":1,"minecraft:cooked_porkchop":2,"tombstone:gift":1,"alexsmobs:animal_dictionary":2},"minecraft:dropped":{"tombstone:grave_key":1,"minecraft:wooden_sword":1},"minecraft:custom":{"minecraft:time_since_rest":7861,"minecraft:interact_with_furnace":4,"minecraft:sprint_one_cm":63180,"minecraft:damage_taken":408,"minecraft:walk_one_cm":35683,"minecraft:mob_kills":7,"minecraft:drop":2,"minecraft:damage_dealt":1211,"minecraft:player_kills":1,"minecraft:interact_with_crafting_table":5,"minecraft:fly_one_cm":144743,"minecraft:crouch_one_cm":13351,"minecraft:play_time":11635,"tombstone:undead_killed":2,"minecraft:deaths":1,"minecraft:sneak_time":2262,"minecraft:jump":331,"minecraft:time_since_death":7834,"minecraft:climb_one_cm":251,"minecraft:total_world_time":11635,"minecraft:fall_one_cm":8395},"minecraft:killed_by":{"minecraft:spider":1},"minecraft:killed":{"born_in_chaos_v1:barrel_zombie":1,"minecraft:skeleton":1,"minecraft:pig":2,"ars_nouveau:wilden_stalker":1,"minecraft:spider":1,"minecraft:cow":1},"minecraft:crafted":{"minecraft:wooden_sword":1,"minecraft:oak_planks":40,"minecraft:cooked_porkchop":5,"minecraft:crafting_table":1,"minecraft:stick":8,"minecraft:wooden_pickaxe":1,"minecraft:stone_pickaxe":2,"minecraft:wooden_axe":1,"minecraft:furnace":1},"minecraft:picked_up":{"minecraft:stick":1,"minecraft:crafting_table":1,"minecraft:leather":2,"minecraft:turtle_egg":1,"minecraft:porkchop":5,"minecraft:oak_log":10,"tombstone:grave_key":1,"minecraft:spider_eye":1,"minecraft:string":2,"minecraft:dirt":1,"minecraft:raw_copper":3,"minecraft:wooden_sword":1,"minecraft:rotten_flesh":1,"minecraft:slime_ball":2,"minecraft:apple":1,"minecraft:beef":2,"minecraft:oak_sapling":8,"minecraft:cobblestone":60}},"DataVersion":2975}