{"stats":{"minecraft:custom":{"minecraft:interact_with_furnace":14,"minecraft:mob_kills":20,"minecraft:interact_with_crafting_table":16,"minecraft:interact_with_cartography_table":2,"minecraft:open_barrel":13,"minecraft:leave_game":1,"minecraft:time_since_death":2450,"minecraft:sleep_in_bed":1,"minecraft:climb_one_cm":251,"minecraft:time_since_rest":2481,"minecraft:sprint_one_cm":368879,"minecraft:damage_taken":2415,"minecraft:walk_one_cm":430980,"minecraft:damage_blocked_by_shield":440,"minecraft:drop":11,"minecraft:damage_dealt":3525,"minecraft:swim_one_cm":3224,"minecraft:fly_one_cm":476129,"minecraft:player_kills":1,"minecraft:open_chest":27,"minecraft:play_time":104255,"minecraft:crouch_one_cm":133557,"minecraft:sneak_time":19868,"tombstone:undead_killed":8,"minecraft:deaths":6,"minecraft:walk_under_water_one_cm":3260,"minecraft:jump":1798,"minecraft:interact_with_blast_furnace":2,"minecraft:walk_on_water_one_cm":133294,"minecraft:total_world_time":104255,"minecraft:fall_one_cm":43447},"minecraft:used":{"minecraft:water_bucket":278,"epicfight:skillbook":3,"minecraft:stone_pickaxe":256,"minecraft:wooden_pickaxe":12,"minecraft:shield":13,"minecraft:green_bed":1,"minecraft:iron_chestplate":1,"minecraft:dirt":1,"minecraft:crafting_table":5,"minecraft:carrot":10,"minecraft:tuff":14,"minecraft:wooden_axe":19,"minecraft:apple":1,"minecraft:lava_bucket":4,"minecraft:iron_axe":10,"minecraft:iron_pickaxe":265,"minecraft:iron_helmet":1,"minecraft:iron_boots":1,"epicfight:stone_greatsword":8,"minecraft:wooden_sword":20,"minecraft:cobblestone":97,"minecraft:furnace":2,"minecraft:cooked_porkchop":5,"minecraft:bucket":284,"tombstone:gift":1,"alexsmobs:animal_dictionary":2,"minecraft:cooked_beef":2,"minecraft:cobbled_deepslate":172,"minecraft:golden_axe":17,"minecraft:iron_leggings":1},"minecraft:killed_by":{"born_in_chaos_v1:diamond_termite":1,"minecraft:spider":1},"minecraft:dropped":{"minecraft:iron_ingot":1,"minecraft:raw_copper":3,"minecraft:lead":3,"paraglider:spirit_orb":2,"tombstone:grave_key":1,"tombstone:grave_dust":3,"minecraft:wooden_sword":1,"epicfight:stone_greatsword":1,"minecraft:bucket":1},"minecraft:mined":{"minecraft:tuff":21,"minecraft:deepslate_diamond_ore":31,"minecraft:smoker":1,"born_in_chaos_v1:infected_deepslate_diamond_ore":7,"minecraft:crafting_table":3,"minecraft:glow_lichen":1,"minecraft:grass_block":1,"minecraft:tall_grass":3,"minecraft:oak_planks":1,"minecraft:spawner":6,"minecraft:furnace":2,"minecraft:iron_ore":9,"minecraft:cobbled_deepslate":14,"minecraft:andesite":2,"treechop:chopped_log":2,"minecraft:grass":10,"minecraft:coal_ore":9,"minecraft:deepslate_iron_ore":22,"minecraft:vine":1,"minecraft:stone":109,"minecraft:deepslate":261,"minecraft:green_bed":1,"minecraft:fern":1},"minecraft:killed":{"born_in_chaos_v1:barrel_zombie":1,"minecraft:pig":2,"born_in_chaos_v1:diamond_termite":2,"born_in_chaos_v1:baby_skeleton":2,"minecraft:spider":3,"born_in_chaos_v1:shy_spirit":1,"minecraft:skeleton":3,"born_in_chaos_v1:zombie_fisherman":1,"minecraft:zombie":1,"ars_nouveau:wilden_stalker":2,"born_in_chaos_v1:corpse_fly":1,"minecraft:cow":1},"minecraft:picked_up":{"minecraft:crafting_table":3,"born_in_chaos_v1:diamond_termite_shard":4,"minecraft:andesite":1,"minecraft:leather":2,"minecraft:smoker":1,"minecraft:turtle_egg":1,"paraglider:spirit_orb":6,"minecraft:tuff":15,"minecraft:oak_log":10,"tombstone:grave_key":1,"minecraft:dirt":1,"minecraft:string":3,"minecraft:raw_copper":3,"minecraft:wooden_sword":1,"minecraft:bone":5,"minecraft:apple":1,"minecraft:cobbled_deepslate":235,"minecraft:bucket":1,"minecraft:iron_ingot":1,"minecraft:beef":2,"minecraft:oak_planks":4,"minecraft:furnace":2,"minecraft:raw_iron":31,"minecraft:stick":1,"epicfight:stone_greatsword":1,"minecraft:green_bed":1,"minecraft:porkchop":5,"tombstone:grave_dust":2,"minecraft:carrot":8,"minecraft:spider_eye":1,"minecraft:arrow":1,"minecraft:rotten_flesh":4,"minecraft:slime_ball":2,"minecraft:diamond":31,"born_in_chaos_v1:rotten_fish":1,"minecraft:oak_sapling":8,"minecraft:coal":20,"minecraft:cobblestone":119},"minecraft:broken":{"minecraft:stone_pickaxe":2,"minecraft:golden_axe":1,"minecraft:iron_pickaxe":1},"minecraft:crafted":{"minecraft:cooked_beef":2,"minecraft:wooden_sword":1,"minecraft:oak_planks":40,"minecraft:cooked_porkchop":5,"minecraft:crafting_table":2,"minecraft:wooden_pickaxe":1,"minecraft:iron_helmet":1,"minecraft:furnace":1,"epicfight:stone_greatsword":1,"minecraft:bucket":1,"minecraft:iron_boots":1,"minecraft:iron_chestplate":1,"minecraft:shield":1,"minecraft:stick":8,"minecraft:iron_ingot":22,"minecraft:stone_pickaxe":2,"minecraft:wooden_axe":1}},"DataVersion":2975}