{"stats":{"minecraft:custom":{"minecraft:interact_with_furnace":14,"minecraft:mob_kills":35,"minecraft:interact_with_crafting_table":16,"minecraft:interact_with_cartography_table":2,"minecraft:open_barrel":17,"minecraft:leave_game":2,"minecraft:time_since_death":1731,"minecraft:sleep_in_bed":1,"minecraft:climb_one_cm":882,"minecraft:time_since_rest":1757,"minecraft:sprint_one_cm":602042,"minecraft:damage_taken":5797,"minecraft:walk_one_cm":678858,"minecraft:damage_blocked_by_shield":440,"minecraft:drop":13,"minecraft:damage_dealt":7080,"minecraft:damage_dealt_absorbed":28,"minecraft:swim_one_cm":8139,"minecraft:fly_one_cm":718507,"minecraft:player_kills":1,"minecraft:open_chest":37,"minecraft:play_time":143648,"minecraft:crouch_one_cm":142870,"minecraft:sneak_time":21329,"tombstone:undead_killed":22,"minecraft:deaths":15,"minecraft:walk_under_water_one_cm":8157,"minecraft:jump":2814,"minecraft:interact_with_blast_furnace":2,"minecraft:walk_on_water_one_cm":170581,"minecraft:total_world_time":143648,"minecraft:interact_with_smoker":5,"minecraft:fall_one_cm":71849},"minecraft:used":{"minecraft:water_bucket":336,"epicfight:skillbook":3,"minecraft:baked_potato":7,"minecraft:stone_pickaxe":256,"minecraft:wooden_pickaxe":12,"minecraft:green_bed":1,"minecraft:shield":13,"minecraft:iron_chestplate":1,"minecraft:torch":2,"minecraft:dirt":1,"minecraft:crafting_table":5,"minecraft:carrot":10,"minecraft:tuff":14,"minecraft:smoker":1,"minecraft:wooden_axe":19,"minecraft:apple":1,"minecraft:lava_bucket":4,"minecraft:iron_axe":24,"minecraft:iron_pickaxe":338,"minecraft:iron_helmet":1,"minecraft:iron_boots":1,"epicfight:stone_greatsword":67,"minecraft:wooden_sword":20,"minecraft:cobblestone":97,"minecraft:furnace":2,"minecraft:cooked_porkchop":5,"minecraft:bucket":342,"tombstone:gift":3,"alexsmobs:animal_dictionary":2,"minecraft:cooked_beef":2,"minecraft:cobbled_deepslate":193,"minecraft:golden_axe":17,"minecraft:iron_leggings":1},"minecraft:killed_by":{"minecraft:player":6,"born_in_chaos_v1:diamond_termite":1,"realmrpg_demons:chort":1,"minecraft:spider":1},"minecraft:dropped":{"minecraft:iron_ingot":1,"minecraft:raw_copper":3,"minecraft:tuff":12,"minecraft:lead":3,"paraglider:spirit_orb":2,"tombstone:grave_key":1,"tombstone:grave_dust":5,"minecraft:wooden_sword":1,"epicfight:stone_greatsword":1,"minecraft:bucket":1},"minecraft:mined":{"minecraft:tuff":45,"minecraft:deepslate_diamond_ore":36,"minecraft:smoker":2,"born_in_chaos_v1:infected_deepslate_diamond_ore":7,"minecraft:cave_vines_plant":2,"minecraft:glow_lichen":1,"minecraft:crafting_table":3,"minecraft:torch":1,"minecraft:grass_block":2,"minecraft:tall_grass":3,"minecraft:oak_planks":1,"minecraft:spawner":7,"minecraft:furnace":2,"minecraft:iron_ore":9,"minecraft:cobbled_deepslate":14,"minecraft:andesite":2,"treechop:chopped_log":2,"minecraft:grass":10,"minecraft:coal_ore":9,"minecraft:cave_vines":1,"minecraft:deepslate_iron_ore":39,"minecraft:vine":1,"minecraft:stone":109,"minecraft:deepslate":284,"minecraft:green_bed":2,"minecraft:fern":1},"minecraft:killed":{"born_in_chaos_v1:barrel_zombie":1,"minecraft:pig":2,"born_in_chaos_v1:diamond_termite":2,"born_in_chaos_v1:baby_skeleton":3,"minecraft:spider":3,"minecraft:creeper":1,"born_in_chaos_v1:shy_spirit":1,"minecraft:skeleton":8,"born_in_chaos_v1:zombie_fisherman":1,"minecraft:zombie":9,"ars_nouveau:wilden_stalker":2,"born_in_chaos_v1:corpse_fly":1,"minecraft:cow":1},"minecraft:picked_up":{"minecraft:crafting_table":3,"born_in_chaos_v1:diamond_termite_shard":4,"minecraft:andesite":1,"minecraft:leather":2,"tombstone:gift":1,"minecraft:smoker":2,"minecraft:turtle_egg":1,"paraglider:spirit_orb":8,"minecraft:tuff":37,"minecraft:oak_log":10,"tombstone:grave_key":1,"minecraft:gunpowder":1,"minecraft:dirt":29,"minecraft:string":3,"minecraft:moss_carpet":2,"minecraft:raw_copper":3,"minecraft:wooden_sword":1,"minecraft:bone":9,"minecraft:apple":1,"minecraft:cobbled_deepslate":253,"minecraft:bucket":1,"minecraft:iron_ingot":1,"minecraft:beef":2,"minecraft:oak_planks":4,"minecraft:furnace":2,"minecraft:raw_iron":60,"minecraft:stick":1,"epicfight:stone_greatsword":1,"minecraft:torch":1,"born_in_chaos_v1:ethereal_spirit":1,"minecraft:green_bed":2,"epicfight:skillbook":2,"minecraft:porkchop":5,"tombstone:grave_dust":4,"born_in_chaos_v1:pieceofdarkmetal":2,"minecraft:carrot":8,"minecraft:dark_oak_log":4,"minecraft:spider_eye":1,"minecraft:bundle":1,"minecraft:arrow":8,"minecraft:rotten_flesh":12,"minecraft:slime_ball":2,"minecraft:diamond":36,"born_in_chaos_v1:rotten_fish":1,"minecraft:oak_sapling":8,"minecraft:coal":24,"minecraft:cobblestone":119},"minecraft:broken":{"minecraft:stone_pickaxe":2,"minecraft:golden_axe":1,"minecraft:iron_pickaxe":1},"minecraft:crafted":{"minecraft:cooked_beef":2,"minecraft:wooden_sword":1,"minecraft:oak_planks":40,"minecraft:cooked_porkchop":5,"minecraft:crafting_table":2,"minecraft:iron_helmet":1,"minecraft:baked_potato":7,"minecraft:wooden_pickaxe":1,"minecraft:furnace":1,"epicfight:stone_greatsword":1,"minecraft:bucket":1,"minecraft:iron_boots":1,"minecraft:iron_chestplate":1,"minecraft:shield":1,"minecraft:stick":12,"minecraft:iron_ingot":22,"minecraft:stone_pickaxe":2,"minecraft:wooden_axe":1,"minecraft:torch":16}},"DataVersion":2975}