{"stats":{"minecraft:custom":{"minecraft:mob_kills":40,"minecraft:interact_with_crafting_table":22,"minecraft:open_barrel":17,"minecraft:leave_game":2,"minecraft:time_since_death":373,"minecraft:climb_one_cm":882,"minecraft:sprint_one_cm":707776,"minecraft:walk_one_cm":751371,"minecraft:damage_blocked_by_shield":626,"minecraft:drop":20,"minecraft:damage_dealt_absorbed":28,"minecraft:play_time":167648,"minecraft:deaths":20,"minecraft:sneak_time":21977,"minecraft:walk_under_water_one_cm":14510,"minecraft:jump":3333,"minecraft:interact_with_blast_furnace":2,"minecraft:walk_on_water_one_cm":183346,"minecraft:total_world_time":167648,"minecraft:interact_with_furnace":29,"minecraft:interact_with_cartography_table":2,"minecraft:sleep_in_bed":1,"minecraft:time_since_rest":598,"minecraft:damage_taken":7483,"minecraft:trigger_trapped_chest":2,"minecraft:damage_dealt":8517,"minecraft:swim_one_cm":12127,"minecraft:fly_one_cm":857723,"minecraft:player_kills":1,"minecraft:open_chest":44,"minecraft:crouch_one_cm":148267,"tombstone:undead_killed":25,"minecraft:interact_with_smoker":7,"minecraft:fall_one_cm":85988},"minecraft:used":{"minecraft:shield":16,"minecraft:iron_chestplate":1,"minecraft:torch":2,"minecraft:dirt":1,"minecraft:carrot":21,"minecraft:tuff":14,"minecraft:snowball":7,"minecraft:obsidian":4,"minecraft:wooden_axe":19,"minecraft:lava_bucket":4,"minecraft:iron_axe":35,"minecraft:iron_helmet":2,"minecraft:iron_boots":1,"epicfight:stone_greatsword":90,"minecraft:furnace":3,"tombstone:gift":3,"minecraft:cooked_beef":2,"minecraft:cobbled_deepslate":193,"minecraft:golden_axe":17,"minecraft:iron_leggings":1,"epicfight:skillbook":3,"minecraft:water_bucket":350,"minecraft:stone_pickaxe":256,"minecraft:baked_potato":7,"minecraft:wooden_pickaxe":12,"minecraft:green_bed":1,"minecraft:crafting_table":6,"minecraft:smoker":2,"minecraft:apple":1,"minecraft:iron_pickaxe":352,"minecraft:wooden_sword":20,"minecraft:cobblestone":97,"minecraft:cooked_porkchop":5,"minecraft:bucket":356,"alexsmobs:animal_dictionary":2},"minecraft:killed_by":{"minecraft:player":10,"realmrpg_demons:chort":1,"minecraft:spider":1,"born_in_chaos_v1:diamond_termite":1,"iceandfire:ghost":1},"minecraft:dropped":{"minecraft:iron_ingot":1,"minecraft:cobblestone":4,"minecraft:lead":3,"born_in_chaos_v1:pieceofdarkmetal":4,"paraglider:spirit_orb":2,"minecraft:music_disc_11":1,"minecraft:dirt":32,"tombstone:grave_key":1,"tombstone:grave_dust":5,"minecraft:wooden_sword":1,"epicfight:stone_greatsword":1,"minecraft:bucket":1,"minecraft:gravel":5,"minecraft:raw_copper":3,"minecraft:tuff":12},"minecraft:mined":{"minecraft:tuff":45,"minecraft:deepslate_diamond_ore":36,"minecraft:glow_lichen":1,"minecraft:cave_vines_plant":2,"minecraft:grass_block":3,"minecraft:spruce_leaves":2,"minecraft:spawner":7,"minecraft:furnace":2,"minecraft:iron_ore":9,"minecraft:cobbled_deepslate":14,"minecraft:andesite":2,"treechop:chopped_log":2,"minecraft:cave_vines":1,"minecraft:deepslate_iron_ore":39,"minecraft:vine":1,"minecraft:spruce_wood":4,"minecraft:stone":121,"minecraft:green_bed":2,"minecraft:smoker":3,"minecraft:crafting_table":3,"born_in_chaos_v1:infected_deepslate_diamond_ore":7,"minecraft:torch":1,"minecraft:tall_grass":3,"minecraft:oak_planks":1,"minecraft:stripped_spruce_wood":1,"minecraft:grass":10,"minecraft:coal_ore":9,"minecraft:dirt":3,"minecraft:netherrack":1,"minecraft:oak_leaves":3,"minecraft:deepslate":284,"minecraft:fern":1},"minecraft:killed":{"minecraft:spider":3,"minecraft:skeleton":8,"born_in_chaos_v1:barrel_zombie":1,"minecraft:pig":2,"born_in_chaos_v1:diamond_termite":2,"born_in_chaos_v1:baby_skeleton":3,"minecraft:creeper":1,"born_in_chaos_v1:shy_spirit":1,"ars_nouveau:wilden_guardian":1,"born_in_chaos_v1:zombie_fisherman":1,"minecraft:zombie":11,"iceandfire:ghost":1,"ars_nouveau:wilden_stalker":3,"born_in_chaos_v1:corpse_fly":1,"minecraft:cow":1},"minecraft:broken":{"minecraft:stone_pickaxe":2,"minecraft:golden_axe":1,"minecraft:iron_pickaxe":1,"minecraft:iron_helmet":1},"minecraft:picked_up":{"born_in_chaos_v1:diamond_termite_shard":4,"minecraft:crafting_table":3,"minecraft:turtle_egg":1,"tombstone:grave_key":1,"minecraft:moss_carpet":2,"minecraft:string":3,"minecraft:raw_copper":3,"minecraft:wooden_sword":1,"minecraft:cobbled_deepslate":253,"minecraft:bucket":1,"minecraft:beef":2,"minecraft:furnace":2,"minecraft:stick":2,"minecraft:raw_iron":60,"minecraft:torch":2,"minecraft:green_bed":2,"epicfight:skillbook":2,"minecraft:porkchop":5,"tombstone:grave_dust":4,"born_in_chaos_v1:pieceofdarkmetal":4,"minecraft:carrot":8,"minecraft:rotten_flesh":16,"minecraft:arrow":8,"minecraft:gold_ingot":2,"minecraft:snowball":7,"minecraft:obsidian":4,"minecraft:cobblestone":135,"minecraft:andesite":1,"minecraft:leather":2,"minecraft:smoker":3,"paraglider:spirit_orb":8,"minecraft:tuff":37,"minecraft:oak_log":10,"minecraft:gunpowder":1,"minecraft:dirt":132,"tombstone:gift":1,"minecraft:bone":9,"minecraft:apple":1,"minecraft:kelp":1,"minecraft:raw_gold":2,"minecraft:iron_ingot":2,"minecraft:oak_planks":4,"epicfight:stone_greatsword":1,"born_in_chaos_v1:ethereal_spirit":1,"minecraft:gravel":5,"minecraft:spruce_log":2,"minecraft:dark_oak_log":11,"minecraft:spider_eye":1,"minecraft:bundle":1,"minecraft:slime_ball":2,"minecraft:diamond":36,"minecraft:oak_sapling":8,"born_in_chaos_v1:rotten_fish":1,"minecraft:coal":26},"minecraft:crafted":{"minecraft:wooden_sword":1,"minecraft:oak_planks":40,"minecraft:furnace":2,"minecraft:iron_boots":1,"minecraft:stone_pickaxe":2,"minecraft:golden_boots":1,"minecraft:cooked_beef":2,"minecraft:cooked_porkchop":5,"minecraft:crafting_table":3,"minecraft:wooden_pickaxe":1,"minecraft:baked_potato":7,"minecraft:iron_helmet":2,"minecraft:bucket":1,"epicfight:stone_greatsword":1,"minecraft:iron_chestplate":1,"minecraft:shield":1,"minecraft:stick":12,"minecraft:iron_ingot":34,"minecraft:wooden_axe":1,"minecraft:gold_ingot":2,"minecraft:torch":16}},"DataVersion":2975}