{"stats":{"minecraft:used":{"minecraft:shield":22,"minecraft:cooked_chicken":3,"minecraft:iron_chestplate":2,"minecraft:torch":7,"minecraft:dirt":1,"minecraft:carrot":21,"minecraft:tuff":15,"minecraft:snowball":7,"minecraft:obsidian":4,"minecraft:wooden_axe":19,"minecraft:lava_bucket":4,"minecraft:iron_axe":149,"minecraft:iron_helmet":2,"minecraft:iron_boots":1,"epicfight:stone_greatsword":128,"ars_nouveau:source_berry":2,"minecraft:furnace":6,"tombstone:gift":3,"minecraft:cooked_beef":2,"minecraft:golden_axe":17,"minecraft:cobbled_deepslate":273,"minecraft:iron_leggings":1,"minecraft:water_bucket":507,"epicfight:skillbook":3,"minecraft:baked_potato":7,"minecraft:stone_pickaxe":258,"minecraft:wooden_pickaxe":12,"minecraft:green_bed":3,"minecraft:crafting_table":8,"minecraft:smoker":3,"minecraft:apple":1,"minecraft:bread":3,"minecraft:melon_slice":39,"minecraft:iron_pickaxe":476,"minecraft:wooden_sword":20,"minecraft:cobblestone":110,"minecraft:cooked_porkchop":5,"minecraft:bucket":513,"alexsmobs:animal_dictionary":2},"minecraft:dropped":{"minecraft:iron_ingot":1,"minecraft:feather":8,"minecraft:lead":3,"minecraft:cobblestone":8,"born_in_chaos_v1:pieceofdarkmetal":4,"minecraft:stick":4,"paraglider:spirit_orb":2,"minecraft:music_disc_11":1,"minecraft:dirt":32,"tombstone:grave_key":2,"tombstone:grave_dust":5,"minecraft:wooden_sword":1,"epicfight:stone_greatsword":1,"minecraft:iron_axe":1,"ars_nouveau:caster_tome":1,"minecraft:bucket":2,"minecraft:gravel":5,"alexsmobs:gazelle_horn":3,"minecraft:cocoa_beans":3,"minecraft:raw_copper":3,"minecraft:tuff":13,"minecraft:wheat":1},"minecraft:custom":{"minecraft:interact_with_smithing_table":1,"minecraft:mob_kills":88,"minecraft:interact_with_crafting_table":38,"minecraft:open_barrel":34,"minecraft:damage_dealt_resisted":206,"minecraft:leave_game":4,"minecraft:time_since_death":39061,"minecraft:climb_one_cm":3228,"minecraft:sprint_one_cm":1147303,"minecraft:walk_one_cm":1117370,"minecraft:damage_blocked_by_shield":776,"minecraft:drop":31,"minecraft:damage_dealt_absorbed":28,"minecraft:play_time":260790,"minecraft:sneak_time":27593,"minecraft:deaths":29,"minecraft:walk_under_water_one_cm":20541,"minecraft:jump":4877,"minecraft:interact_with_blast_furnace":2,"minecraft:walk_on_water_one_cm":258315,"minecraft:total_world_time":260790,"minecraft:interact_with_furnace":90,"minecraft:interact_with_cartography_table":2,"minecraft:sleep_in_bed":4,"minecraft:time_since_rest":39085,"minecraft:damage_taken":11091,"minecraft:trigger_trapped_chest":5,"minecraft:damage_dealt":14011,"minecraft:swim_one_cm":29617,"minecraft:fly_one_cm":1286843,"minecraft:player_kills":1,"minecraft:open_chest":66,"minecraft:crouch_one_cm":181696,"tombstone:undead_killed":33,"minecraft:interact_with_smoker":14,"minecraft:fall_one_cm":120428},"minecraft:broken":{"minecraft:iron_chestplate":1,"minecraft:stone_pickaxe":2,"minecraft:golden_axe":1,"minecraft:iron_axe":1,"minecraft:iron_pickaxe":2,"minecraft:iron_helmet":1,"epicfight:stone_greatsword":1},"minecraft:crafted":{"minecraft:wooden_sword":1,"minecraft:oak_planks":52,"minecraft:cooked_chicken":8,"minecraft:furnace":5,"minecraft:cooked_mutton":6,"minecraft:iron_boots":1,"minecraft:stone_pickaxe":3,"minecraft:chest":1,"sophisticatedbackpacks:iron_backpack":2,"minecraft:golden_boots":1,"minecraft:cooked_beef":17,"sophisticatedbackpacks:backpack":1,"minecraft:cooked_porkchop":29,"minecraft:crafting_table":4,"minecraft:iron_helmet":2,"minecraft:baked_potato":7,"minecraft:wooden_pickaxe":1,"minecraft:bucket":1,"epicfight:stone_greatsword":1,"minecraft:bread":4,"minecraft:iron_chestplate":2,"minecraft:shield":1,"minecraft:stick":12,"minecraft:iron_ingot":115,"minecraft:wooden_axe":1,"minecraft:gold_ingot":2,"minecraft:torch":16},"minecraft:killed":{"minecraft:spider":3,"born_in_chaos_v1:baby_skeleton_minion":4,"minecraft:skeleton":8,"alexsmobs:leafcutter_ant":2,"minecraft:chicken":8,"realmrpg_demons:chort":1,"born_in_chaos_v1:firelight_not_despawn":2,"alexsmobs:kangaroo":1,"born_in_chaos_v1:barrel_zombie":1,"minecraft:pig":13,"ars_nouveau:drygmy":1,"born_in_chaos_v1:diamond_termite":2,"born_in_chaos_v1:baby_skeleton":3,"minecraft:creeper":1,"born_in_chaos_v1:shy_spirit":1,"ars_nouveau:wilden_guardian":1,"minecraft:sheep":2,"born_in_chaos_v1:zombie_fisherman":1,"minecraft:zombie":13,"ars_nouveau:wilden_stalker":3,"iceandfire:ghost":1,"born_in_chaos_v1:dread_hound":1,"born_in_chaos_v1:corpse_fly":1,"alexsmobs:gazelle":4,"born_in_chaos_v1:bonescaller_not_despawn":2,"minecraft:cow":8},"minecraft:killed_by":{"minecraft:player":11,"realmrpg_demons:chort":1,"minecraft:creeper":1,"minecraft:spider":1,"alexsmobs:leafcutter_ant":1,"born_in_chaos_v1:diamond_termite":1,"born_in_chaos_v1:supreme_bonescaller_not_despawn":1,"iceandfire:ghost":1},"minecraft:mined":{"minecraft:tuff":47,"minecraft:deepslate_diamond_ore":38,"alexsmobs:leafcutter_anthill":1,"minecraft:jungle_leaves":2,"minecraft:glow_lichen":1,"minecraft:cave_vines_plant":2,"minecraft:dark_oak_fence":1,"minecraft:grass_block":3,"minecraft:spruce_leaves":2,"minecraft:spawner":11,"minecraft:furnace":5,"minecraft:iron_ore":9,"born_in_chaos_v1:black_argillite_brick_slab":1,"minecraft:cobbled_deepslate":18,"born_in_chaos_v1:black_argillite_brick_stairs":1,"minecraft:andesite":2,"treechop:chopped_log":2,"minecraft:cave_vines":1,"minecraft:deepslate_iron_ore":64,"minecraft:vine":1,"minecraft:spruce_wood":4,"minecraft:stone":132,"minecraft:white_wool":3,"minecraft:green_bed":4,"minecraft:smoker":4,"minecraft:crafting_table":5,"born_in_chaos_v1:infected_deepslate_diamond_ore":10,"minecraft:torch":1,"minecraft:emerald_ore":1,"minecraft:melon":8,"minecraft:tall_grass":4,"minecraft:cobblestone":14,"minecraft:oak_planks":1,"minecraft:wall_torch":1,"minecraft:stripped_spruce_wood":1,"minecraft:yellow_bed":1,"born_in_chaos_v1:black_argillite_brick":1,"minecraft:grass":30,"minecraft:coal_ore":9,"minecraft:cocoa":1,"minecraft:dirt":3,"born_in_chaos_v1:infernal_evil_pumpkin_s":1,"minecraft:netherrack":1,"minecraft:oak_leaves":3,"minecraft:deepslate":328,"minecraft:fern":2},"minecraft:picked_up":{"ars_nouveau:caster_tome":1,"minecraft:cocoa_beans":3,"minecraft:crafting_table":5,"born_in_chaos_v1:diamond_termite_shard":4,"minecraft:wheat":1,"minecraft:chicken":8,"minecraft:turtle_egg":1,"tombstone:grave_key":2,"minecraft:iron_axe":1,"alexsmobs:gazelle_horn":3,"minecraft:moss_carpet":2,"minecraft:string":3,"minecraft:raw_copper":3,"minecraft:wooden_sword":1,"minecraft:cobbled_deepslate":294,"minecraft:bucket":2,"minecraft:beef":17,"minecraft:melon_slice":40,"minecraft:furnace":5,"minecraft:egg":1,"minecraft:stick":10,"minecraft:raw_iron":84,"minecraft:torch":4,"minecraft:green_bed":4,"epicfight:skillbook":2,"minecraft:porkchop":29,"tombstone:grave_dust":5,"minecraft:carrot":8,"born_in_chaos_v1:pieceofdarkmetal":4,"minecraft:arrow":8,"minecraft:rotten_flesh":17,"minecraft:gold_ingot":2,"minecraft:obsidian":4,"minecraft:mutton":6,"minecraft:snowball":7,"alexsmobs:kangaroo_meat":1,"minecraft:white_wool":3,"minecraft:cobblestone":148,"minecraft:feather":8,"minecraft:andesite":1,"minecraft:leather":11,"minecraft:smoker":4,"paraglider:spirit_orb":12,"minecraft:tuff":39,"minecraft:oak_log":13,"minecraft:yellow_bed":1,"minecraft:gunpowder":1,"minecraft:dirt":153,"tombstone:gift":1,"minecraft:bone":9,"minecraft:apple":1,"minecraft:kelp":1,"minecraft:wheat_seeds":4,"minecraft:raw_gold":2,"minecraft:iron_ingot":5,"minecraft:oak_planks":4,"minecraft:book":1,"epicfight:stone_greatsword":1,"born_in_chaos_v1:ethereal_spirit":1,"minecraft:gravel":5,"minecraft:spruce_log":2,"minecraft:dark_oak_log":11,"minecraft:spider_eye":1,"minecraft:bundle":1,"minecraft:slime_ball":2,"born_in_chaos_v1:fire_dust":3,"minecraft:diamond":44,"minecraft:iron_helmet":1,"minecraft:emerald":1,"minecraft:oak_sapling":8,"born_in_chaos_v1:rotten_fish":1,"minecraft:coal":41}},"DataVersion":2975}