{"stats":{"minecraft:mined":{"minecraft:tuff":21,"minecraft:deepslate_diamond_ore":21,"minecraft:smoker":1,"born_in_chaos_v1:infected_deepslate_diamond_ore":6,"minecraft:crafting_table":3,"minecraft:glow_lichen":1,"minecraft:grass_block":1,"minecraft:tall_grass":3,"minecraft:oak_planks":1,"minecraft:spawner":3,"minecraft:furnace":2,"minecraft:cobbled_deepslate":14,"minecraft:iron_ore":9,"minecraft:andesite":2,"treechop:chopped_log":2,"minecraft:grass":10,"minecraft:coal_ore":9,"minecraft:deepslate_iron_ore":17,"minecraft:vine":1,"minecraft:stone":109,"minecraft:fern":1,"minecraft:deepslate":230,"minecraft:green_bed":1},"minecraft:used":{"minecraft:water_bucket":204,"minecraft:stone_pickaxe":256,"minecraft:shield":5,"minecraft:wooden_pickaxe":12,"minecraft:green_bed":1,"minecraft:iron_chestplate":1,"minecraft:dirt":1,"minecraft:crafting_table":4,"minecraft:tuff":14,"minecraft:wooden_axe":19,"minecraft:lava_bucket":2,"minecraft:apple":1,"minecraft:iron_pickaxe":214,"minecraft:iron_helmet":1,"minecraft:iron_boots":1,"minecraft:wooden_sword":20,"minecraft:cobblestone":94,"minecraft:furnace":2,"minecraft:cooked_porkchop":5,"minecraft:bucket":208,"tombstone:gift":1,"alexsmobs:animal_dictionary":2,"minecraft:cooked_beef":2,"minecraft:cobbled_deepslate":164,"minecraft:golden_axe":17,"minecraft:iron_leggings":1},"minecraft:dropped":{"minecraft:lead":3,"tombstone:grave_key":1,"minecraft:wooden_sword":1,"minecraft:bucket":1},"minecraft:custom":{"minecraft:interact_with_furnace":14,"minecraft:mob_kills":13,"minecraft:interact_with_crafting_table":13,"minecraft:interact_with_cartography_table":2,"minecraft:open_barrel":9,"minecraft:time_since_death":15287,"minecraft:sleep_in_bed":1,"minecraft:climb_one_cm":251,"minecraft:time_since_rest":8751,"minecraft:sprint_one_cm":223894,"minecraft:damage_taken":1360,"minecraft:walk_one_cm":277328,"minecraft:damage_blocked_by_shield":165,"minecraft:drop":4,"minecraft:damage_dealt":2433,"minecraft:swim_one_cm":645,"minecraft:fly_one_cm":273512,"minecraft:player_kills":1,"minecraft:open_chest":15,"minecraft:crouch_one_cm":128965,"minecraft:play_time":71635,"tombstone:undead_killed":5,"minecraft:deaths":3,"minecraft:sneak_time":19068,"minecraft:walk_under_water_one_cm":1763,"minecraft:jump":1179,"minecraft:interact_with_blast_furnace":2,"minecraft:walk_on_water_one_cm":85948,"minecraft:total_world_time":71635,"minecraft:fall_one_cm":30282},"minecraft:broken":{"minecraft:stone_pickaxe":2,"minecraft:golden_axe":1},"minecraft:killed_by":{"minecraft:spider":1},"minecraft:killed":{"born_in_chaos_v1:barrel_zombie":1,"minecraft:pig":2,"born_in_chaos_v1:diamond_termite":1,"born_in_chaos_v1:baby_skeleton":1,"minecraft:spider":2,"minecraft:skeleton":2,"born_in_chaos_v1:zombie_fisherman":1,"ars_nouveau:wilden_stalker":1,"born_in_chaos_v1:corpse_fly":1,"minecraft:cow":1},"minecraft:crafted":{"minecraft:cooked_beef":2,"minecraft:wooden_sword":1,"minecraft:oak_planks":40,"minecraft:cooked_porkchop":5,"minecraft:crafting_table":2,"minecraft:iron_helmet":1,"minecraft:wooden_pickaxe":1,"minecraft:furnace":1,"minecraft:bucket":1,"minecraft:iron_boots":1,"minecraft:iron_chestplate":1,"minecraft:shield":1,"minecraft:stick":8,"minecraft:iron_ingot":22,"minecraft:stone_pickaxe":2,"minecraft:wooden_axe":1},"minecraft:picked_up":{"born_in_chaos_v1:diamond_termite_shard":1,"minecraft:crafting_table":3,"minecraft:andesite":1,"minecraft:leather":2,"minecraft:smoker":1,"minecraft:turtle_egg":1,"paraglider:spirit_orb":4,"minecraft:tuff":15,"minecraft:oak_log":10,"tombstone:grave_key":1,"minecraft:dirt":1,"minecraft:string":2,"minecraft:raw_copper":3,"minecraft:wooden_sword":1,"minecraft:bone":5,"minecraft:apple":1,"minecraft:cobbled_deepslate":217,"minecraft:bucket":1,"minecraft:beef":2,"minecraft:oak_planks":4,"minecraft:furnace":2,"minecraft:stick":1,"minecraft:raw_iron":26,"minecraft:green_bed":1,"minecraft:porkchop":5,"minecraft:spider_eye":1,"minecraft:arrow":1,"minecraft:rotten_flesh":2,"minecraft:slime_ball":2,"minecraft:diamond":21,"born_in_chaos_v1:rotten_fish":1,"minecraft:oak_sapling":8,"minecraft:coal":20,"minecraft:cobblestone":108}},"DataVersion":2975}