{"stats":{"minecraft:mined":{"minecraft:tuff":19,"minecraft:deepslate_diamond_ore":5,"born_in_chaos_v1:infected_deepslate_diamond_ore":4,"minecraft:crafting_table":2,"minecraft:grass_block":1,"minecraft:tall_grass":3,"minecraft:oak_planks":1,"minecraft:furnace":2,"minecraft:cobbled_deepslate":8,"minecraft:iron_ore":9,"minecraft:andesite":2,"treechop:chopped_log":2,"minecraft:grass":10,"minecraft:coal_ore":9,"minecraft:deepslate_iron_ore":6,"minecraft:vine":1,"minecraft:stone":109,"minecraft:fern":1,"minecraft:deepslate":136,"minecraft:green_bed":1},"minecraft:used":{"minecraft:water_bucket":12,"minecraft:stone_pickaxe":230,"minecraft:wooden_pickaxe":12,"minecraft:green_bed":1,"minecraft:iron_chestplate":1,"minecraft:dirt":1,"minecraft:crafting_table":3,"minecraft:tuff":14,"minecraft:wooden_axe":19,"minecraft:apple":1,"minecraft:iron_pickaxe":88,"minecraft:iron_helmet":1,"minecraft:iron_boots":1,"minecraft:wooden_sword":20,"minecraft:cobblestone":94,"minecraft:furnace":2,"minecraft:cooked_porkchop":5,"minecraft:bucket":13,"tombstone:gift":1,"alexsmobs:animal_dictionary":2,"minecraft:cooked_beef":1,"minecraft:cobbled_deepslate":115,"minecraft:golden_axe":1,"minecraft:iron_leggings":1},"minecraft:dropped":{"tombstone:grave_key":1,"minecraft:wooden_sword":1},"minecraft:custom":{"minecraft:interact_with_furnace":14,"minecraft:mob_kills":7,"minecraft:interact_with_crafting_table":12,"minecraft:interact_with_cartography_table":1,"minecraft:open_barrel":3,"minecraft:time_since_death":20873,"minecraft:climb_one_cm":251,"minecraft:time_since_rest":20897,"minecraft:sprint_one_cm":111703,"minecraft:damage_taken":924,"minecraft:walk_one_cm":98187,"minecraft:drop":2,"minecraft:damage_dealt":1464,"minecraft:swim_one_cm":645,"minecraft:fly_one_cm":194508,"minecraft:player_kills":1,"minecraft:open_chest":3,"minecraft:crouch_one_cm":105264,"minecraft:play_time":41635,"tombstone:undead_killed":2,"minecraft:deaths":2,"minecraft:sneak_time":14917,"minecraft:walk_under_water_one_cm":1611,"minecraft:jump":680,"minecraft:interact_with_blast_furnace":2,"minecraft:walk_on_water_one_cm":10507,"minecraft:total_world_time":41635,"minecraft:fall_one_cm":19200},"minecraft:broken":{"minecraft:stone_pickaxe":1},"minecraft:killed_by":{"minecraft:spider":1},"minecraft:killed":{"born_in_chaos_v1:barrel_zombie":1,"minecraft:pig":2,"minecraft:spider":1,"minecraft:skeleton":1,"ars_nouveau:wilden_stalker":1,"minecraft:cow":1},"minecraft:crafted":{"minecraft:cooked_beef":2,"minecraft:wooden_sword":1,"minecraft:oak_planks":40,"minecraft:cooked_porkchop":5,"minecraft:crafting_table":2,"minecraft:iron_helmet":1,"minecraft:wooden_pickaxe":1,"minecraft:furnace":1,"minecraft:bucket":1,"minecraft:iron_boots":1,"minecraft:iron_chestplate":1,"minecraft:stick":8,"minecraft:iron_ingot":22,"minecraft:stone_pickaxe":2,"minecraft:wooden_axe":1},"minecraft:picked_up":{"minecraft:crafting_table":2,"minecraft:andesite":1,"minecraft:leather":2,"minecraft:turtle_egg":1,"minecraft:tuff":15,"minecraft:oak_log":10,"tombstone:grave_key":1,"minecraft:dirt":1,"minecraft:string":2,"minecraft:raw_copper":3,"minecraft:wooden_sword":1,"minecraft:bone":2,"minecraft:apple":1,"minecraft:cobbled_deepslate":130,"minecraft:beef":2,"minecraft:oak_planks":4,"minecraft:furnace":2,"minecraft:stick":1,"minecraft:raw_iron":15,"minecraft:green_bed":1,"minecraft:porkchop":5,"minecraft:spider_eye":1,"minecraft:rotten_flesh":1,"minecraft:slime_ball":2,"minecraft:diamond":5,"minecraft:oak_sapling":8,"minecraft:coal":20,"minecraft:cobblestone":108}},"DataVersion":2975}