{"stats":{"minecraft:mined":{"minecraft:mossy_cobblestone":1,"minecraft:cobblestone_stairs":1,"minecraft:nether_bricks":3,"minecraft:grass_block":1,"alexsmobs:leafcutter_ant_chamber":21,"minecraft:spawner":55,"minecraft:iron_ore":2,"treechop:chopped_log":3,"minecraft:enchanting_table":1,"minecraft:nether_brick_stairs":2,"minecraft:mossy_stone_brick_stairs":1,"minecraft:bookshelf":2,"minecraft:vine":9,"minecraft:iron_bars":29,"minecraft:bamboo":1,"minecraft:stone":10,"minecraft:glass_pane":2,"minecraft:quartz_block":12,"minecraft:crafting_table":3,"minecraft:torch":4,"minecraft:melon":13,"minecraft:oak_planks":13,"minecraft:diorite":6,"minecraft:wall_torch":2,"minecraft:black_stained_glass":2,"minecraft:lime_bed":1,"minecraft:coarse_dirt":2,"minecraft:stone_brick_stairs":2,"minecraft:grass":11,"minecraft:coal_ore":23,"minecraft:oak_log":7,"minecraft:dirt":10,"minecraft:cracked_stone_bricks":4,"minecraft:stone_bricks":2,"minecraft:mossy_stone_bricks":2,"minecraft:oak_leaves":18,"minecraft:fern":1},"minecraft:used":{"minecraft:iron_bars":10,"minecraft:shield":17,"minecraft:iron_sword":225,"minecraft:rotten_flesh":2,"minecraft:torch":95,"minecraft:dirt":5,"minecraft:mutton":6,"minecraft:carrot":2,"minecraft:nether_brick_stairs":1,"born_in_chaos_v1:corpse_maggot":1,"wom:agony":108,"minecraft:wooden_axe":40,"minecraft:quartz_block":2,"minecraft:stone_brick_stairs":1,"minecraft:stone_bricks":2,"tombstone:gift":6,"minecraft:cooked_beef":10,"minecraft:mossy_stone_bricks":1,"epicfight:skillbook":4,"minecraft:diorite":6,"minecraft:cobblestone_stairs":1,"minecraft:stone_pickaxe":68,"minecraft:oak_planks":49,"minecraft:wooden_pickaxe":6,"minecraft:diamond_axe":10,"minecraft:golden_apple":5,"minecraft:glow_berries":3,"minecraft:orange_carpet":3,"minecraft:crafting_table":5,"minecraft:diamond_pickaxe":17,"minecraft:apple":5,"minecraft:diamond_shovel":22,"minecraft:melon_slice":28,"minecraft:bread":14,"minecraft:iron_pickaxe":26,"minecraft:cyan_carpet":1,"tombstone:magic_scroll":4,"minecraft:stone_axe":32,"minecraft:diamond_sword":32,"minecraft:cobblestone":2,"minecraft:potion":6,"minecraft:chainmail_boots":1,"alexsmobs:leafcutter_ant_chamber":8,"minecraft:golden_pickaxe":63},"minecraft:dropped":{"minecraft:iron_sword":3,"minecraft:wheat_seeds":2,"minecraft:diamond_axe":2,"minecraft:glass_bottle":2,"minecraft:leather":2,"minecraft:cracked_stone_bricks":112,"minecraft:saddle":2,"minecraft:copper_ingot":2,"minecraft:chainmail_helmet":1,"epicfight:stray_hat":2,"minecraft:stick":9,"born_in_chaos_v1:monster_flesh":2,"minecraft:dirt":4,"ars_nouveau:worn_notebook":1,"born_in_chaos_v1:monster_skin":1,"alexsmobs:leafcutter_ant_chamber":12,"tombstone:grave_dust":4,"minecraft:iron_leggings":1,"minecraft:gold_nugget":2,"minecraft:sugar":4,"minecraft:white_wool":3,"minecraft:chainmail_leggings":2,"minecraft:iron_shovel":2,"minecraft:birch_log":6,"ars_nouveau:wilden_horn":1,"ars_nouveau:wilden_wing":2,"minecraft:gold_ingot":64,"minecraft:bone":11,"minecraft:gravel":2,"minecraft:stone_axe":2,"minecraft:iron_nugget":5,"minecraft:golden_chestplate":1,"alexsmobs:animal_dictionary":1,"minecraft:rotten_flesh":15,"minecraft:iron_boots":1,"minecraft:golden_shovel":1,"wom:diamond_legtopseal":1,"patchouli:guide_book":1,"minecraft:chainmail_chestplate":1,"minecraft:lime_bed":2,"minecraft:tipped_arrow":1,"minecraft:shield":3,"minecraft:diamond_pickaxe":1,"minecraft:quartz_block":2,"born_in_chaos_v1:corpse_maggot":1,"minecraft:oak_sapling":8,"minecraft:chainmail_boots":1,"minecraft:bamboo":9,"minecraft:stone_bricks":128,"minecraft:leather_leggings":2,"minecraft:spider_eye":1,"minecraft:arrow":3,"minecraft:beef":1,"minecraft:stone_pickaxe":1,"minecraft:wooden_pickaxe":1},"minecraft:custom":{"minecraft:interact_with_smithing_table":1,"minecraft:mob_kills":162,"minecraft:interact_with_crafting_table":8,"minecraft:open_barrel":17,"minecraft:damage_dealt_resisted":304,"minecraft:leave_game":1,"minecraft:time_since_death":54438,"minecraft:climb_one_cm":7031,"minecraft:sprint_one_cm":916678,"minecraft:walk_one_cm":826557,"minecraft:damage_blocked_by_shield":988,"minecraft:drop":88,"minecraft:damage_dealt_absorbed":771,"minecraft:play_time":117818,"minecraft:deaths":6,"minecraft:sneak_time":2753,"minecraft:walk_under_water_one_cm":3684,"minecraft:jump":1512,"minecraft:interact_with_blast_furnace":1,"minecraft:walk_on_water_one_cm":24218,"minecraft:total_world_time":117818,"minecraft:interact_with_cartography_table":1,"minecraft:time_since_rest":54455,"minecraft:damage_taken":3578,"minecraft:damage_absorbed":494,"minecraft:trigger_trapped_chest":1,"minecraft:damage_dealt":25035,"minecraft:swim_one_cm":17084,"minecraft:fly_one_cm":542945,"minecraft:open_chest":173,"minecraft:crouch_one_cm":16616,"tombstone:undead_killed":71,"minecraft:interact_with_smoker":2,"minecraft:fall_one_cm":36642},"minecraft:broken":{"minecraft:wooden_axe":1},"minecraft:killed_by":{"born_in_chaos_v1:corpse_fly":1,"minecraft:skeleton":3,"born_in_chaos_v1:dread_hound":2},"minecraft:killed":{"born_in_chaos_v1:zombie_clown":1,"minecraft:cave_spider":2,"graveyard:nightmare":1,"minecraft:spider":7,"born_in_chaos_v1:maggot":14,"minecraft:skeleton":13,"alexsmobs:leafcutter_ant":3,"minecraft:llama":9,"realmrpg_demons:chort":1,"minecraft:silverfish":10,"ars_nouveau:summon_wolf":6,"graveyard:ghoul":4,"minecraft:zombie_villager":3,"born_in_chaos_v1:baby_skeleton":1,"minecraft:creeper":1,"mowziesmobs:lantern":1,"minecraft:sheep":6,"minecraft:zombie":31,"iceandfire:ghost":1,"ars_nouveau:wilden_stalker":6,"born_in_chaos_v1:dread_hound":4,"ars_nouveau:whirlisprig":1,"born_in_chaos_v1:corpse_fly":4,"minecraft:stray":15,"ars_nouveau:wilden_hunter":2,"born_in_chaos_v1:door_knight":1,"minecraft:wither_skeleton":1,"minecraft:enderman":3},"minecraft:crafted":{"minecraft:oak_planks":92,"minecraft:leather":5,"minecraft:stone_pickaxe":1,"minecraft:chest":2,"sophisticatedbackpacks:backpack":2,"minecraft:crafting_table":3,"minecraft:wooden_pickaxe":1,"minecraft:stone_axe":1,"minecraft:stick":24,"minecraft:iron_ingot":1,"minecraft:wooden_axe":1,"minecraft:gold_ingot":3,"minecraft:torch":44},"minecraft:picked_up":{"minecraft:coarse_dirt":2,"minecraft:crafting_table":3,"minecraft:wheat":1,"minecraft:chainmail_boots":1,"minecraft:leather_leggings":1,"minecraft:enchanted_book":1,"minecraft:golden_shovel":2,"minecraft:stone_brick_stairs":1,"minecraft:shield":2,"minecraft:string":21,"epicfight:stray_hat":2,"minecraft:iron_leggings":2,"minecraft:iron_shovel":2,"minecraft:cyan_carpet":1,"graveyard:corruption":4,"minecraft:cracked_stone_bricks":60,"minecraft:beef":1,"minecraft:iron_pickaxe":1,"minecraft:enchanted_golden_apple":1,"minecraft:melon_slice":68,"alexsmobs:leafcutter_ant_chamber":20,"minecraft:iron_boots":1,"minecraft:tipped_arrow":2,"minecraft:stick":4,"minecraft:raw_iron":2,"minecraft:torch":6,"epicfight:skillbook":3,"tombstone:grave_dust":5,"minecraft:diorite":7,"alexsmobs:leafcutter_ant_pupa":1,"minecraft:golden_chestplate":1,"minecraft:quartz_block":4,"minecraft:arrow":23,"minecraft:rotten_flesh":25,"minecraft:saddle":1,"tombstone:essence_of_undeath":1,"minecraft:gold_ingot":82,"minecraft:mutton":10,"minecraft:iron_bars":18,"minecraft:white_wool":6,"minecraft:cobblestone":9,"minecraft:enchanting_table":1,"minecraft:birch_log":6,"born_in_chaos_v1:corpse_maggot":6,"minecraft:lime_bed":3,"minecraft:air":0,"born_in_chaos_v1:monster_flesh":2,"minecraft:orange_carpet":3,"minecraft:leather":12,"ars_nouveau:wilden_wing":6,"paraglider:spirit_orb":78,"minecraft:oak_log":23,"minecraft:gunpowder":2,"minecraft:cobblestone_stairs":1,"minecraft:dirt":13,"tombstone:gift":1,"minecraft:bone":15,"minecraft:apple":1,"minecraft:stone_bricks":66,"minecraft:bow":2,"minecraft:wheat_seeds":3,"minecraft:iron_ingot":2,"minecraft:stone_pickaxe":1,"alexsmobs:gongylidia":1,"minecraft:mossy_stone_bricks":1,"minecraft:bamboo":9,"minecraft:diamond_helmet":1,"minecraft:glass_bottle":1,"minecraft:oak_planks":43,"minecraft:iron_sword":3,"minecraft:gravel":2,"minecraft:nether_brick_stairs":1,"ars_nouveau:wilden_horn":1,"minecraft:spider_eye":1,"minecraft:bundle":2,"minecraft:stone_axe":1,"wom:diamond_legtopseal":1,"minecraft:chainmail_leggings":1,"minecraft:diamond_axe":2,"minecraft:bread":6,"tombstone:magic_scroll":3,"minecraft:oak_sapling":8,"minecraft:coal":25,"minecraft:diamond_pickaxe":1,"minecraft:ender_pearl":1}},"DataVersion":2975}