{"stats":{"minecraft:mined":{"minecraft:mossy_cobblestone":1,"minecraft:cobblestone_stairs":1,"minecraft:nether_bricks":3,"minecraft:grass_block":1,"minecraft:spawner":41,"minecraft:iron_ore":2,"treechop:chopped_log":3,"minecraft:nether_brick_stairs":1,"minecraft:mossy_stone_brick_stairs":1,"minecraft:bookshelf":2,"minecraft:vine":8,"minecraft:iron_bars":26,"minecraft:stone":8,"minecraft:quartz_block":7,"minecraft:crafting_table":2,"minecraft:torch":4,"minecraft:oak_planks":13,"minecraft:wall_torch":2,"minecraft:lime_bed":1,"minecraft:stone_brick_stairs":2,"minecraft:grass":1,"minecraft:coal_ore":23,"minecraft:oak_log":7,"minecraft:cracked_stone_bricks":4,"minecraft:stone_bricks":2,"minecraft:mossy_stone_bricks":1,"minecraft:oak_leaves":4},"minecraft:used":{"minecraft:iron_bars":8,"minecraft:shield":17,"minecraft:iron_sword":125,"minecraft:rotten_flesh":2,"minecraft:torch":70,"minecraft:dirt":1,"minecraft:carrot":2,"born_in_chaos_v1:corpse_maggot":1,"wom:agony":73,"minecraft:wooden_axe":40,"minecraft:stone_brick_stairs":1,"minecraft:stone_bricks":2,"tombstone:gift":4,"minecraft:cooked_beef":10,"epicfight:skillbook":3,"minecraft:cobblestone_stairs":1,"minecraft:stone_pickaxe":68,"minecraft:oak_planks":40,"minecraft:wooden_pickaxe":6,"minecraft:diamond_axe":10,"minecraft:glow_berries":3,"minecraft:orange_carpet":3,"minecraft:crafting_table":3,"minecraft:apple":4,"minecraft:bread":8,"minecraft:iron_pickaxe":4,"minecraft:cyan_carpet":1,"tombstone:magic_scroll":4,"minecraft:stone_axe":32,"minecraft:potion":4,"minecraft:chainmail_boots":1,"minecraft:golden_pickaxe":63},"minecraft:dropped":{"minecraft:iron_sword":1,"minecraft:leather":2,"minecraft:copper_ingot":2,"minecraft:chainmail_helmet":1,"epicfight:stray_hat":2,"minecraft:stick":9,"born_in_chaos_v1:monster_flesh":2,"ars_nouveau:worn_notebook":1,"born_in_chaos_v1:monster_skin":1,"tombstone:grave_dust":2,"minecraft:iron_leggings":1,"minecraft:gold_nugget":2,"minecraft:sugar":4,"minecraft:birch_log":6,"ars_nouveau:wilden_horn":1,"minecraft:bone":11,"minecraft:gravel":2,"minecraft:stone_axe":2,"minecraft:iron_nugget":5,"minecraft:golden_chestplate":1,"alexsmobs:animal_dictionary":1,"minecraft:rotten_flesh":8,"minecraft:iron_boots":1,"minecraft:golden_shovel":1,"wom:diamond_legtopseal":1,"patchouli:guide_book":1,"minecraft:chainmail_chestplate":1,"minecraft:tipped_arrow":1,"minecraft:shield":3,"minecraft:quartz_block":2,"born_in_chaos_v1:corpse_maggot":1,"minecraft:oak_sapling":8,"minecraft:chainmail_boots":1,"minecraft:leather_leggings":2,"minecraft:spider_eye":1,"minecraft:arrow":3,"minecraft:beef":1,"minecraft:stone_pickaxe":1,"minecraft:wooden_pickaxe":1},"minecraft:custom":{"minecraft:interact_with_smithing_table":1,"minecraft:mob_kills":93,"minecraft:interact_with_crafting_table":5,"minecraft:open_barrel":5,"minecraft:damage_dealt_resisted":86,"minecraft:time_since_death":5812,"minecraft:climb_one_cm":4324,"minecraft:sprint_one_cm":484646,"minecraft:walk_one_cm":483666,"minecraft:damage_blocked_by_shield":988,"minecraft:drop":56,"minecraft:damage_dealt_absorbed":303,"minecraft:play_time":69192,"minecraft:deaths":6,"minecraft:sneak_time":2142,"minecraft:walk_under_water_one_cm":2585,"minecraft:jump":704,"minecraft:interact_with_blast_furnace":1,"minecraft:walk_on_water_one_cm":5549,"minecraft:total_world_time":69192,"minecraft:time_since_rest":5829,"minecraft:damage_taken":2861,"minecraft:damage_dealt":13325,"minecraft:fly_one_cm":257298,"minecraft:open_chest":114,"minecraft:crouch_one_cm":13532,"tombstone:undead_killed":43,"minecraft:fall_one_cm":14302},"minecraft:broken":{"minecraft:wooden_axe":1},"minecraft:killed_by":{"born_in_chaos_v1:corpse_fly":1,"minecraft:skeleton":3,"born_in_chaos_v1:dread_hound":2},"minecraft:killed":{"minecraft:cave_spider":2,"graveyard:nightmare":1,"minecraft:spider":7,"born_in_chaos_v1:maggot":7,"minecraft:skeleton":9,"realmrpg_demons:chort":1,"minecraft:silverfish":10,"ars_nouveau:summon_wolf":2,"graveyard:ghoul":1,"born_in_chaos_v1:baby_skeleton":1,"minecraft:creeper":1,"minecraft:sheep":3,"minecraft:zombie":20,"ars_nouveau:wilden_stalker":1,"born_in_chaos_v1:dread_hound":2,"born_in_chaos_v1:corpse_fly":4,"minecraft:stray":12,"ars_nouveau:wilden_hunter":1},"minecraft:crafted":{"minecraft:oak_planks":92,"minecraft:stone_pickaxe":1,"minecraft:crafting_table":1,"minecraft:wooden_pickaxe":1,"minecraft:stone_axe":1,"minecraft:stick":20,"minecraft:iron_ingot":1,"minecraft:wooden_axe":1,"minecraft:gold_ingot":3,"minecraft:torch":28},"minecraft:picked_up":{"minecraft:crafting_table":2,"minecraft:wheat":1,"minecraft:chainmail_boots":1,"minecraft:leather_leggings":1,"minecraft:enchanted_book":1,"minecraft:golden_shovel":2,"minecraft:stone_brick_stairs":1,"minecraft:shield":2,"minecraft:string":13,"epicfight:stray_hat":2,"minecraft:iron_leggings":1,"minecraft:cyan_carpet":1,"graveyard:corruption":4,"minecraft:cracked_stone_bricks":4,"minecraft:beef":1,"minecraft:tipped_arrow":1,"minecraft:stick":4,"minecraft:raw_iron":2,"minecraft:torch":5,"epicfight:skillbook":3,"tombstone:grave_dust":2,"minecraft:diorite":1,"minecraft:golden_chestplate":1,"minecraft:quartz_block":2,"minecraft:arrow":22,"minecraft:rotten_flesh":18,"minecraft:mutton":4,"minecraft:iron_bars":16,"minecraft:white_wool":3,"minecraft:cobblestone":7,"minecraft:birch_log":6,"born_in_chaos_v1:corpse_maggot":2,"minecraft:lime_bed":1,"born_in_chaos_v1:monster_flesh":2,"minecraft:orange_carpet":3,"minecraft:leather":2,"paraglider:spirit_orb":64,"minecraft:oak_log":23,"minecraft:gunpowder":2,"minecraft:cobblestone_stairs":1,"minecraft:dirt":1,"tombstone:gift":1,"minecraft:bone":11,"minecraft:stone_bricks":2,"minecraft:bow":2,"minecraft:stone_pickaxe":1,"minecraft:oak_planks":13,"minecraft:iron_sword":1,"minecraft:gravel":2,"ars_nouveau:wilden_horn":1,"minecraft:spider_eye":1,"minecraft:bundle":2,"minecraft:stone_axe":1,"wom:diamond_legtopseal":1,"minecraft:diamond_axe":1,"minecraft:bread":6,"minecraft:oak_sapling":8,"minecraft:coal":25}},"DataVersion":2975}