{"stats":{"minecraft:mined":{"minecraft:mossy_cobblestone":1,"minecraft:cobblestone_stairs":1,"minecraft:nether_bricks":3,"minecraft:grass_block":1,"minecraft:spawner":49,"minecraft:iron_ore":2,"treechop:chopped_log":3,"minecraft:nether_brick_stairs":2,"minecraft:mossy_stone_brick_stairs":1,"minecraft:bookshelf":2,"minecraft:vine":8,"minecraft:iron_bars":29,"minecraft:stone":10,"minecraft:quartz_block":12,"minecraft:crafting_table":2,"minecraft:torch":4,"minecraft:oak_planks":13,"minecraft:diorite":6,"minecraft:wall_torch":2,"minecraft:black_stained_glass":2,"minecraft:lime_bed":1,"minecraft:stone_brick_stairs":2,"minecraft:grass":1,"minecraft:coal_ore":23,"minecraft:oak_log":7,"minecraft:dirt":4,"minecraft:cracked_stone_bricks":4,"minecraft:stone_bricks":2,"minecraft:mossy_stone_bricks":2,"minecraft:oak_leaves":14},"minecraft:used":{"minecraft:iron_bars":10,"minecraft:shield":17,"minecraft:iron_sword":157,"minecraft:rotten_flesh":2,"minecraft:torch":92,"minecraft:dirt":5,"minecraft:carrot":2,"minecraft:nether_brick_stairs":1,"born_in_chaos_v1:corpse_maggot":1,"wom:agony":99,"minecraft:wooden_axe":40,"minecraft:quartz_block":2,"minecraft:stone_brick_stairs":1,"minecraft:stone_bricks":2,"tombstone:gift":6,"minecraft:cooked_beef":10,"minecraft:mossy_stone_bricks":1,"epicfight:skillbook":3,"minecraft:diorite":6,"minecraft:cobblestone_stairs":1,"minecraft:stone_pickaxe":68,"minecraft:oak_planks":49,"minecraft:wooden_pickaxe":6,"minecraft:diamond_axe":10,"minecraft:golden_apple":2,"minecraft:glow_berries":3,"minecraft:orange_carpet":3,"minecraft:crafting_table":4,"minecraft:diamond_pickaxe":6,"minecraft:apple":4,"minecraft:bread":14,"minecraft:iron_pickaxe":26,"minecraft:cyan_carpet":1,"tombstone:magic_scroll":4,"minecraft:stone_axe":32,"minecraft:cobblestone":2,"minecraft:potion":6,"minecraft:chainmail_boots":1,"minecraft:golden_pickaxe":63},"minecraft:dropped":{"minecraft:iron_sword":3,"minecraft:diamond_axe":2,"minecraft:glass_bottle":2,"minecraft:leather":2,"minecraft:cracked_stone_bricks":112,"minecraft:copper_ingot":2,"minecraft:chainmail_helmet":1,"epicfight:stray_hat":2,"minecraft:stick":9,"born_in_chaos_v1:monster_flesh":2,"ars_nouveau:worn_notebook":1,"born_in_chaos_v1:monster_skin":1,"tombstone:grave_dust":4,"minecraft:iron_leggings":1,"minecraft:gold_nugget":2,"minecraft:sugar":4,"minecraft:chainmail_leggings":2,"minecraft:iron_shovel":2,"minecraft:birch_log":6,"ars_nouveau:wilden_horn":1,"ars_nouveau:wilden_wing":2,"minecraft:gold_ingot":64,"minecraft:bone":11,"minecraft:gravel":2,"minecraft:stone_axe":2,"minecraft:iron_nugget":5,"minecraft:golden_chestplate":1,"alexsmobs:animal_dictionary":1,"minecraft:rotten_flesh":15,"minecraft:iron_boots":1,"minecraft:golden_shovel":1,"wom:diamond_legtopseal":1,"patchouli:guide_book":1,"minecraft:chainmail_chestplate":1,"minecraft:lime_bed":2,"minecraft:tipped_arrow":1,"minecraft:shield":3,"minecraft:quartz_block":2,"born_in_chaos_v1:corpse_maggot":1,"minecraft:oak_sapling":8,"minecraft:chainmail_boots":1,"minecraft:stone_bricks":128,"minecraft:leather_leggings":2,"minecraft:spider_eye":1,"minecraft:arrow":3,"minecraft:beef":1,"minecraft:stone_pickaxe":1,"minecraft:wooden_pickaxe":1},"minecraft:custom":{"minecraft:interact_with_smithing_table":1,"minecraft:mob_kills":113,"minecraft:interact_with_crafting_table":7,"minecraft:open_barrel":5,"minecraft:damage_dealt_resisted":172,"minecraft:time_since_death":29812,"minecraft:climb_one_cm":4693,"minecraft:sprint_one_cm":746813,"minecraft:walk_one_cm":651798,"minecraft:damage_blocked_by_shield":988,"minecraft:drop":79,"minecraft:damage_dealt_absorbed":389,"minecraft:play_time":93192,"minecraft:deaths":6,"minecraft:sneak_time":2187,"minecraft:walk_under_water_one_cm":2585,"minecraft:jump":982,"minecraft:interact_with_blast_furnace":1,"minecraft:walk_on_water_one_cm":18124,"minecraft:total_world_time":93192,"minecraft:time_since_rest":29829,"minecraft:damage_taken":2926,"minecraft:damage_absorbed":397,"minecraft:damage_dealt":17088,"minecraft:fly_one_cm":349149,"minecraft:open_chest":170,"minecraft:crouch_one_cm":13877,"tombstone:undead_killed":54,"minecraft:fall_one_cm":20791},"minecraft:broken":{"minecraft:wooden_axe":1},"minecraft:killed_by":{"born_in_chaos_v1:corpse_fly":1,"minecraft:skeleton":3,"born_in_chaos_v1:dread_hound":2},"minecraft:killed":{"minecraft:cave_spider":2,"graveyard:nightmare":1,"minecraft:spider":7,"born_in_chaos_v1:maggot":10,"minecraft:skeleton":10,"realmrpg_demons:chort":1,"minecraft:silverfish":10,"ars_nouveau:summon_wolf":2,"graveyard:ghoul":4,"born_in_chaos_v1:baby_skeleton":1,"minecraft:creeper":1,"minecraft:sheep":3,"minecraft:zombie":23,"ars_nouveau:wilden_stalker":4,"born_in_chaos_v1:dread_hound":2,"born_in_chaos_v1:corpse_fly":4,"minecraft:stray":15,"ars_nouveau:wilden_hunter":1,"minecraft:wither_skeleton":1,"minecraft:enderman":3},"minecraft:crafted":{"minecraft:oak_planks":92,"minecraft:leather":5,"minecraft:stone_pickaxe":1,"minecraft:chest":1,"sophisticatedbackpacks:backpack":1,"minecraft:crafting_table":2,"minecraft:wooden_pickaxe":1,"minecraft:stone_axe":1,"minecraft:stick":24,"minecraft:iron_ingot":1,"minecraft:wooden_axe":1,"minecraft:gold_ingot":3,"minecraft:torch":44},"minecraft:picked_up":{"minecraft:crafting_table":2,"minecraft:wheat":1,"minecraft:chainmail_boots":1,"minecraft:leather_leggings":1,"minecraft:enchanted_book":1,"minecraft:golden_shovel":2,"minecraft:stone_brick_stairs":1,"minecraft:shield":2,"minecraft:string":21,"epicfight:stray_hat":2,"minecraft:iron_leggings":2,"minecraft:iron_shovel":2,"minecraft:cyan_carpet":1,"graveyard:corruption":4,"minecraft:cracked_stone_bricks":60,"minecraft:beef":1,"minecraft:iron_pickaxe":1,"minecraft:enchanted_golden_apple":1,"minecraft:iron_boots":1,"minecraft:tipped_arrow":2,"minecraft:stick":4,"minecraft:raw_iron":2,"minecraft:torch":6,"epicfight:skillbook":3,"tombstone:grave_dust":5,"minecraft:diorite":7,"minecraft:golden_chestplate":1,"minecraft:quartz_block":4,"minecraft:arrow":23,"minecraft:rotten_flesh":25,"tombstone:essence_of_undeath":1,"minecraft:gold_ingot":82,"minecraft:mutton":4,"minecraft:iron_bars":18,"minecraft:white_wool":3,"minecraft:cobblestone":9,"minecraft:birch_log":6,"born_in_chaos_v1:corpse_maggot":4,"minecraft:lime_bed":3,"minecraft:air":0,"born_in_chaos_v1:monster_flesh":2,"minecraft:orange_carpet":3,"minecraft:leather":2,"ars_nouveau:wilden_wing":5,"paraglider:spirit_orb":66,"minecraft:oak_log":23,"minecraft:gunpowder":2,"minecraft:cobblestone_stairs":1,"minecraft:dirt":5,"tombstone:gift":1,"minecraft:bone":14,"minecraft:stone_bricks":66,"minecraft:bow":2,"minecraft:stone_pickaxe":1,"minecraft:mossy_stone_bricks":1,"minecraft:diamond_helmet":1,"minecraft:glass_bottle":1,"minecraft:oak_planks":13,"minecraft:iron_sword":3,"minecraft:gravel":2,"minecraft:nether_brick_stairs":1,"ars_nouveau:wilden_horn":1,"minecraft:spider_eye":1,"minecraft:bundle":2,"minecraft:stone_axe":1,"wom:diamond_legtopseal":1,"minecraft:chainmail_leggings":1,"minecraft:diamond_axe":2,"minecraft:bread":6,"tombstone:magic_scroll":1,"minecraft:oak_sapling":8,"minecraft:coal":25,"minecraft:ender_pearl":1}},"DataVersion":2975}