{"stats":{"minecraft:mined":{"minecraft:cobblestone_stairs":1,"minecraft:crafting_table":2,"minecraft:torch":3,"minecraft:grass_block":1,"minecraft:oak_planks":7,"minecraft:wall_torch":2,"minecraft:spawner":8,"minecraft:lime_bed":1,"minecraft:iron_ore":2,"treechop:chopped_log":3,"minecraft:bookshelf":2,"minecraft:stone_brick_stairs":1,"minecraft:grass":1,"minecraft:oak_log":7,"minecraft:coal_ore":23,"minecraft:iron_bars":6,"minecraft:stone_bricks":2,"minecraft:stone":7,"minecraft:oak_leaves":4},"minecraft:used":{"epicfight:skillbook":1,"minecraft:cobblestone_stairs":1,"minecraft:stone_pickaxe":54,"minecraft:oak_planks":15,"minecraft:wooden_pickaxe":6,"minecraft:torch":13,"minecraft:glow_berries":3,"minecraft:dirt":1,"minecraft:crafting_table":2,"minecraft:carrot":2,"minecraft:wooden_axe":40,"minecraft:bread":6,"tombstone:magic_scroll":4,"minecraft:stone_brick_stairs":1,"minecraft:stone_bricks":2,"minecraft:stone_axe":26,"minecraft:chainmail_boots":1,"tombstone:gift":2},"minecraft:dropped":{"alexsmobs:animal_dictionary":1,"minecraft:rotten_flesh":1,"minecraft:leather":2,"minecraft:copper_ingot":2,"wom:diamond_legtopseal":1,"patchouli:guide_book":1,"minecraft:stick":9,"born_in_chaos_v1:monster_flesh":2,"ars_nouveau:worn_notebook":1,"born_in_chaos_v1:monster_skin":1,"minecraft:oak_sapling":8,"tombstone:grave_dust":2,"minecraft:spider_eye":1,"minecraft:arrow":3,"minecraft:stone_pickaxe":1,"minecraft:beef":1,"minecraft:wooden_pickaxe":1,"minecraft:sugar":4,"minecraft:birch_log":6,"ars_nouveau:wilden_horn":1,"minecraft:bone":2},"minecraft:custom":{"minecraft:mob_kills":19,"minecraft:interact_with_crafting_table":3,"minecraft:time_since_death":8541,"minecraft:climb_one_cm":255,"minecraft:time_since_rest":8599,"minecraft:sprint_one_cm":250729,"minecraft:damage_taken":1430,"minecraft:walk_one_cm":221237,"minecraft:drop":22,"minecraft:damage_dealt":3027,"minecraft:damage_dealt_absorbed":102,"minecraft:fly_one_cm":212326,"minecraft:open_chest":30,"minecraft:crouch_one_cm":10882,"minecraft:play_time":39192,"tombstone:undead_killed":6,"minecraft:deaths":5,"minecraft:sneak_time":1870,"minecraft:walk_under_water_one_cm":2585,"minecraft:jump":558,"minecraft:walk_on_water_one_cm":5549,"minecraft:total_world_time":39192,"minecraft:fall_one_cm":12204},"minecraft:broken":{"minecraft:wooden_axe":1},"minecraft:killed_by":{"minecraft:skeleton":3,"born_in_chaos_v1:dread_hound":2},"minecraft:killed":{"graveyard:ghoul":1,"born_in_chaos_v1:baby_skeleton":1,"minecraft:spider":3,"minecraft:creeper":1,"minecraft:sheep":3,"minecraft:skeleton":3,"minecraft:zombie":1,"born_in_chaos_v1:dread_hound":2,"ars_nouveau:summon_wolf":2,"ars_nouveau:wilden_hunter":1},"minecraft:crafted":{"minecraft:oak_planks":92,"minecraft:crafting_table":1,"minecraft:wooden_pickaxe":1,"minecraft:stone_axe":1,"minecraft:stick":20,"minecraft:stone_pickaxe":1,"minecraft:wooden_axe":1,"minecraft:torch":28},"minecraft:picked_up":{"minecraft:birch_log":6,"minecraft:lime_bed":1,"minecraft:crafting_table":2,"born_in_chaos_v1:monster_flesh":2,"minecraft:leather":2,"paraglider:spirit_orb":14,"minecraft:stone_brick_stairs":1,"minecraft:oak_log":23,"minecraft:gunpowder":2,"minecraft:cobblestone_stairs":1,"minecraft:string":4,"minecraft:dirt":1,"minecraft:bone":2,"minecraft:stone_bricks":2,"graveyard:corruption":1,"minecraft:beef":1,"minecraft:stone_pickaxe":1,"minecraft:oak_planks":7,"minecraft:raw_iron":2,"minecraft:stick":4,"minecraft:torch":5,"epicfight:skillbook":1,"tombstone:grave_dust":1,"minecraft:spider_eye":1,"ars_nouveau:wilden_horn":1,"minecraft:bundle":1,"minecraft:arrow":3,"minecraft:rotten_flesh":1,"wom:diamond_legtopseal":1,"minecraft:bread":6,"minecraft:oak_sapling":8,"minecraft:mutton":4,"minecraft:iron_bars":6,"minecraft:coal":23,"minecraft:white_wool":3,"minecraft:cobblestone":7}},"DataVersion":2975}