{"stats":{"minecraft:mined":{"treechop:chopped_log":3,"minecraft:crafting_table":1,"minecraft:grass":1,"minecraft:grass_block":1,"minecraft:oak_log":7,"minecraft:oak_planks":2,"minecraft:oak_leaves":4},"minecraft:used":{"minecraft:wooden_axe":20,"epicfight:skillbook":1,"minecraft:oak_planks":7,"minecraft:glow_berries":3,"minecraft:dirt":1,"minecraft:crafting_table":1},"minecraft:dropped":{"born_in_chaos_v1:monster_flesh":2,"minecraft:rotten_flesh":1,"minecraft:birch_log":6},"minecraft:custom":{"minecraft:time_since_rest":2691,"minecraft:sprint_one_cm":53437,"minecraft:damage_taken":560,"minecraft:walk_one_cm":90005,"minecraft:mob_kills":6,"minecraft:drop":4,"minecraft:damage_dealt":831,"minecraft:interact_with_crafting_table":1,"minecraft:fly_one_cm":151489,"minecraft:open_chest":3,"minecraft:crouch_one_cm":4373,"minecraft:play_time":15192,"tombstone:undead_killed":2,"minecraft:deaths":2,"minecraft:sneak_time":801,"minecraft:walk_under_water_one_cm":2585,"minecraft:jump":362,"minecraft:time_since_death":2649,"minecraft:walk_on_water_one_cm":3091,"minecraft:climb_one_cm":123,"minecraft:total_world_time":15192,"minecraft:fall_one_cm":8093},"minecraft:killed_by":{"born_in_chaos_v1:dread_hound":2},"minecraft:killed":{"minecraft:sheep":2,"minecraft:zombie":1,"born_in_chaos_v1:dread_hound":2,"born_in_chaos_v1:baby_skeleton":1},"minecraft:crafted":{"minecraft:oak_planks":92,"minecraft:crafting_table":1,"minecraft:stick":4,"minecraft:wooden_axe":1},"minecraft:picked_up":{"minecraft:birch_log":6,"minecraft:stick":4,"minecraft:crafting_table":1,"born_in_chaos_v1:monster_flesh":2,"minecraft:leather":2,"epicfight:skillbook":1,"minecraft:oak_log":23,"tombstone:grave_dust":1,"minecraft:dirt":1,"minecraft:arrow":1,"minecraft:bone":2,"minecraft:rotten_flesh":1,"minecraft:beef":1,"minecraft:oak_sapling":8,"minecraft:mutton":2,"minecraft:oak_planks":2,"minecraft:white_wool":2}},"DataVersion":2975}