{"stats":{"minecraft:used":{"minecraft:glow_berries":3,"minecraft:dirt":1,"minecraft:oak_planks":7},"minecraft:mined":{"minecraft:grass":1,"minecraft:grass_block":1,"minecraft:oak_log":2,"minecraft:oak_planks":2},"minecraft:custom":{"minecraft:time_since_rest":9192,"minecraft:open_chest":3,"minecraft:crouch_one_cm":2055,"minecraft:play_time":9192,"minecraft:sprint_one_cm":42995,"minecraft:damage_taken":210,"minecraft:walk_one_cm":59614,"minecraft:sneak_time":501,"minecraft:walk_under_water_one_cm":2585,"minecraft:mob_kills":3,"minecraft:jump":327,"minecraft:damage_dealt":529,"minecraft:walk_on_water_one_cm":3091,"minecraft:time_since_death":9192,"minecraft:total_world_time":9192,"minecraft:climb_one_cm":123,"minecraft:fall_one_cm":7884,"minecraft:fly_one_cm":133878},"minecraft:killed":{"minecraft:sheep":2,"born_in_chaos_v1:dread_hound":1},"minecraft:crafted":{"minecraft:oak_planks":8},"minecraft:picked_up":{"born_in_chaos_v1:monster_flesh":1,"minecraft:oak_log":2,"minecraft:mutton":2,"minecraft:oak_planks":2,"minecraft:white_wool":2,"minecraft:dirt":1}},"DataVersion":2975}