{"stats":{"minecraft:mined":{"born_in_chaos_v1:cultivated_pumpkin":1,"minecraft:mossy_cobblestone":1,"minecraft:cobblestone_stairs":1,"minecraft:nether_bricks":3,"minecraft:grass_block":1,"alexsmobs:leafcutter_ant_chamber":21,"minecraft:spawner":74,"minecraft:iron_ore":2,"minecraft:fire":5,"treechop:chopped_log":3,"minecraft:nether_brick_stairs":2,"minecraft:enchanting_table":1,"minecraft:mossy_stone_brick_stairs":1,"minecraft:bookshelf":2,"minecraft:vine":10,"minecraft:iron_bars":47,"minecraft:stone":10,"minecraft:bamboo":1,"minecraft:glass_pane":2,"minecraft:quartz_block":12,"minecraft:crafting_table":3,"minecraft:torch":4,"minecraft:melon":13,"minecraft:oak_planks":14,"minecraft:diorite":6,"minecraft:wall_torch":2,"minecraft:black_stained_glass":2,"minecraft:lime_bed":1,"minecraft:coarse_dirt":2,"minecraft:stone_brick_stairs":2,"minecraft:grass":13,"minecraft:coal_ore":23,"minecraft:oak_log":7,"minecraft:dirt":10,"minecraft:cracked_stone_bricks":5,"minecraft:stone_bricks":5,"minecraft:mossy_stone_bricks":2,"minecraft:oak_leaves":19,"minecraft:fern":1},"minecraft:broken":{"minecraft:iron_helmet":1,"minecraft:wooden_axe":1},"minecraft:custom":{"minecraft:interact_with_smithing_table":1,"minecraft:mob_kills":239,"minecraft:interact_with_crafting_table":12,"minecraft:open_barrel":17,"minecraft:damage_dealt_resisted":490,"minecraft:leave_game":1,"minecraft:time_since_death":9358,"minecraft:climb_one_cm":13175,"minecraft:sprint_one_cm":1297291,"minecraft:walk_one_cm":1100524,"minecraft:damage_blocked_by_shield":1108,"minecraft:drop":109,"minecraft:damage_dealt_absorbed":833,"minecraft:play_time":158188,"minecraft:sneak_time":2798,"minecraft:deaths":13,"minecraft:walk_under_water_one_cm":4825,"minecraft:jump":2022,"minecraft:interact_with_blast_furnace":1,"minecraft:walk_on_water_one_cm":27547,"minecraft:total_world_time":158188,"minecraft:interact_with_furnace":3,"minecraft:interact_with_cartography_table":1,"minecraft:time_since_rest":9375,"minecraft:damage_taken":6759,"minecraft:damage_absorbed":557,"minecraft:trigger_trapped_chest":1,"minecraft:damage_dealt":40543,"minecraft:swim_one_cm":17084,"minecraft:fly_one_cm":780733,"minecraft:crouch_one_cm":17211,"minecraft:open_chest":247,"tombstone:undead_killed":123,"minecraft:interact_with_smoker":2,"minecraft:fall_one_cm":47661},"minecraft:killed":{"born_in_chaos_v1:zombie_clown":1,"minecraft:cave_spider":2,"graveyard:nightmare":1,"minecraft:spider":12,"born_in_chaos_v1:maggot":22,"minecraft:skeleton":20,"iceandfire:fire_dragon":1,"alexsmobs:leafcutter_ant":3,"minecraft:llama":9,"realmrpg_demons:chort":1,"minecraft:silverfish":10,"ars_nouveau:summon_wolf":7,"graveyard:ghoul":5,"minecraft:zombie_villager":3,"born_in_chaos_v1:baby_skeleton":2,"minecraft:creeper":2,"minecraft:sheep":6,"mowziesmobs:lantern":1,"born_in_chaos_v1:zombie_fisherman":1,"minecraft:zombie":71,"ars_nouveau:wilden_stalker":9,"iceandfire:ghost":1,"born_in_chaos_v1:dread_hound":4,"alexsmobs:gazelle":1,"born_in_chaos_v1:corpse_fly":6,"minecraft:stray":17,"ars_nouveau:whirlisprig":1,"ars_nouveau:wilden_hunter":3,"born_in_chaos_v1:door_knight":1,"minecraft:wither_skeleton":1,"minecraft:enderman":3},"minecraft:crafted":{"minecraft:oak_planks":92,"iceandfire:armor_green_leggings":1,"iceandfire:dragon_stick":1,"minecraft:cooked_mutton":1,"minecraft:leather":7,"iceandfire:armor_green_helmet":1,"minecraft:stone_pickaxe":1,"minecraft:chest":3,"sophisticatedbackpacks:backpack":3,"minecraft:crafting_table":5,"minecraft:wooden_pickaxe":1,"iceandfire:armor_green_chestplate":1,"minecraft:stone_axe":1,"minecraft:air":0,"minecraft:stick":28,"minecraft:iron_ingot":1,"minecraft:wooden_axe":1,"minecraft:gold_ingot":3,"minecraft:torch":52,"iceandfire:armor_green_boots":1},"minecraft:killed_by":{"minecraft:player":1,"born_in_chaos_v1:corpse_fly":1,"minecraft:skeleton":3,"minecraft:zombie":1,"alexsmobs:kangaroo":1,"born_in_chaos_v1:dread_hound":2,"iceandfire:fire_dragon":4},"minecraft:dropped":{"minecraft:iron_sword":3,"minecraft:wheat_seeds":3,"minecraft:diamond_axe":2,"minecraft:glass_bottle":2,"born_in_chaos_v1:cultivated_pumpkin":1,"minecraft:leather":2,"minecraft:cracked_stone_bricks":112,"minecraft:saddle":3,"minecraft:copper_ingot":2,"alexsmobs:gongylidia":1,"minecraft:chainmail_helmet":1,"epicfight:stray_hat":2,"minecraft:stick":9,"born_in_chaos_v1:monster_flesh":2,"minecraft:dirt":4,"ars_nouveau:worn_notebook":1,"born_in_chaos_v1:monster_skin":1,"alexsmobs:leafcutter_ant_chamber":12,"tombstone:grave_dust":4,"minecraft:iron_leggings":1,"minecraft:gold_nugget":2,"minecraft:sugar":4,"minecraft:chainmail_leggings":2,"minecraft:iron_shovel":2,"minecraft:birch_log":6,"minecraft:white_wool":3,"ars_nouveau:wilden_horn":1,"ars_nouveau:wilden_wing":2,"minecraft:gold_ingot":64,"minecraft:bone":11,"minecraft:gravel":2,"minecraft:stone_axe":2,"alexsmobs:maggot":4,"alexsmobs:gazelle_horn":1,"minecraft:iron_nugget":5,"minecraft:coarse_dirt":2,"minecraft:golden_chestplate":1,"alexsmobs:animal_dictionary":1,"minecraft:rotten_flesh":44,"minecraft:iron_boots":2,"minecraft:golden_shovel":1,"wom:diamond_legtopseal":1,"patchouli:guide_book":1,"minecraft:chainmail_chestplate":1,"alexsmobs:leafcutter_ant_pupa":1,"minecraft:lime_bed":2,"minecraft:tipped_arrow":1,"minecraft:shield":4,"minecraft:gunpowder":1,"minecraft:diamond_pickaxe":1,"minecraft:quartz_block":2,"born_in_chaos_v1:corpse_maggot":4,"minecraft:oak_sapling":8,"minecraft:chainmail_boots":1,"minecraft:leather_leggings":2,"minecraft:spider_eye":1,"minecraft:stone_bricks":128,"minecraft:bamboo":9,"minecraft:wooden_pickaxe":1,"minecraft:arrow":3,"minecraft:stone_pickaxe":1,"minecraft:beef":1,"epicfight:skillbook":2},"minecraft:picked_up":{"iceandfire:dragon_skull_lightning":1,"minecraft:crafting_table":3,"minecraft:coarse_dirt":2,"minecraft:azure_bluet":4,"minecraft:wheat":1,"minecraft:chainmail_boots":1,"minecraft:leather_leggings":1,"minecraft:enchanted_book":1,"minecraft:golden_shovel":2,"minecraft:stone_brick_stairs":1,"minecraft:shield":3,"alexsmobs:gazelle_horn":2,"minecraft:string":27,"epicfight:stray_hat":2,"minecraft:iron_leggings":3,"minecraft:iron_shovel":2,"minecraft:cyan_carpet":1,"graveyard:corruption":4,"minecraft:cracked_stone_bricks":61,"minecraft:beef":1,"minecraft:iron_pickaxe":1,"minecraft:enchanted_golden_apple":1,"minecraft:melon_slice":68,"iceandfire:dragonscales_green":29,"minecraft:egg":2,"minecraft:iron_boots":2,"alexsmobs:leafcutter_ant_chamber":20,"iceandfire:dragonbone":32,"minecraft:tipped_arrow":4,"minecraft:stick":4,"minecraft:raw_iron":2,"minecraft:torch":6,"epicfight:skillbook":12,"tombstone:grave_dust":7,"minecraft:diorite":7,"alexsmobs:leafcutter_ant_pupa":1,"minecraft:golden_chestplate":2,"minecraft:quartz_block":4,"minecraft:arrow":23,"minecraft:rotten_flesh":68,"iceandfire:chared_dirt":3,"iceandfire:fire_dragon_heart":1,"tombstone:essence_of_undeath":2,"minecraft:saddle":2,"minecraft:gold_ingot":82,"born_in_chaos_v1:cultivated_pumpkin":2,"minecraft:mutton":11,"minecraft:iron_bars":34,"minecraft:white_wool":6,"minecraft:cobblestone":9,"minecraft:birch_log":6,"minecraft:enchanting_table":1,"born_in_chaos_v1:corpse_maggot":12,"minecraft:lime_bed":3,"minecraft:air":0,"born_in_chaos_v1:monster_flesh":2,"minecraft:salmon":1,"minecraft:orange_carpet":3,"minecraft:leather":12,"paraglider:spirit_orb":98,"ars_nouveau:wilden_wing":8,"minecraft:oak_log":24,"minecraft:gunpowder":3,"minecraft:cobblestone_stairs":1,"minecraft:dirt":13,"tombstone:gift":1,"minecraft:bone":21,"minecraft:apple":1,"minecraft:stone_bricks":69,"minecraft:bow":2,"minecraft:wheat_seeds":5,"minecraft:iron_ingot":2,"minecraft:stone_pickaxe":1,"minecraft:mossy_stone_bricks":1,"alexsmobs:gongylidia":1,"minecraft:diamond_helmet":1,"minecraft:glass_bottle":1,"minecraft:bamboo":9,"iceandfire:fire_dragon_flesh":3,"minecraft:iron_sword":3,"minecraft:oak_planks":44,"iceandfire:chared_stone":11,"iceandfire:dragon_skull_fire":1,"minecraft:gravel":2,"minecraft:nether_brick_stairs":1,"minecraft:spider_eye":1,"ars_nouveau:wilden_horn":1,"minecraft:leather_helmet":2,"minecraft:bundle":2,"minecraft:stone_axe":1,"wom:diamond_legtopseal":1,"minecraft:chainmail_leggings":2,"minecraft:iron_helmet":1,"minecraft:diamond_axe":2,"minecraft:bread":6,"alexsmobs:maggot":4,"tombstone:magic_scroll":3,"minecraft:oak_sapling":8,"minecraft:coal":25,"minecraft:ender_pearl":1,"minecraft:diamond_pickaxe":1},"minecraft:used":{"minecraft:iron_bars":12,"minecraft:shield":20,"minecraft:iron_sword":225,"minecraft:rotten_flesh":2,"minecraft:torch":130,"minecraft:dirt":5,"minecraft:mutton":6,"minecraft:carrot":4,"minecraft:nether_brick_stairs":1,"wom:agony":244,"born_in_chaos_v1:corpse_maggot":1,"minecraft:wooden_axe":40,"minecraft:quartz_block":2,"minecraft:stone_brick_stairs":1,"minecraft:stone_bricks":5,"minecraft:egg":2,"tombstone:gift":6,"minecraft:cooked_beef":21,"minecraft:cooked_mutton":1,"epicfight:skillbook":9,"minecraft:mossy_stone_bricks":1,"minecraft:diorite":6,"minecraft:cobblestone_stairs":1,"minecraft:oak_planks":56,"minecraft:stone_pickaxe":68,"minecraft:wooden_pickaxe":6,"wom:ruine":178,"minecraft:diamond_axe":10,"minecraft:cracked_stone_bricks":1,"iceandfire:chared_dirt":3,"minecraft:salmon":1,"minecraft:golden_apple":8,"minecraft:glow_berries":3,"minecraft:orange_carpet":3,"minecraft:crafting_table":8,"born_in_chaos_v1:cultivated_pumpkin":1,"minecraft:oak_log":1,"minecraft:diamond_pickaxe":17,"minecraft:apple":5,"minecraft:diamond_shovel":22,"minecraft:bread":14,"minecraft:melon_slice":28,"minecraft:iron_pickaxe":68,"minecraft:cyan_carpet":1,"tombstone:magic_scroll":4,"minecraft:stone_axe":32,"minecraft:diamond_sword":129,"minecraft:cobblestone":2,"minecraft:potion":7,"minecraft:chainmail_boots":1,"alexsmobs:leafcutter_ant_chamber":8,"epicfight:uchigatana":20,"minecraft:golden_pickaxe":63}},"DataVersion":2975}