{"stats":{"minecraft:mined":{"minecraft:crafting_table":2,"minecraft:torch":2,"minecraft:grass_block":1,"minecraft:oak_planks":4,"minecraft:wall_torch":1,"minecraft:iron_ore":2,"treechop:chopped_log":3,"minecraft:grass":1,"minecraft:oak_log":7,"minecraft:coal_ore":23,"minecraft:stone_bricks":2,"minecraft:stone":7,"minecraft:oak_leaves":4},"minecraft:used":{"epicfight:skillbook":1,"minecraft:stone_pickaxe":38,"minecraft:oak_planks":12,"minecraft:wooden_pickaxe":6,"minecraft:torch":3,"minecraft:glow_berries":3,"minecraft:dirt":1,"minecraft:crafting_table":2,"minecraft:wooden_axe":40,"minecraft:bread":2,"minecraft:stone_bricks":2,"minecraft:stone_axe":6,"tombstone:gift":2},"minecraft:dropped":{"alexsmobs:animal_dictionary":1,"minecraft:rotten_flesh":1,"minecraft:leather":2,"minecraft:copper_ingot":2,"patchouli:guide_book":1,"minecraft:stick":9,"born_in_chaos_v1:monster_flesh":2,"ars_nouveau:worn_notebook":1,"born_in_chaos_v1:monster_skin":1,"minecraft:oak_sapling":8,"tombstone:grave_dust":2,"minecraft:arrow":3,"minecraft:beef":1,"minecraft:wooden_pickaxe":1,"minecraft:sugar":4,"minecraft:birch_log":6,"ars_nouveau:wilden_horn":1,"minecraft:bone":2},"minecraft:custom":{"minecraft:mob_kills":15,"minecraft:interact_with_crafting_table":3,"minecraft:time_since_death":6307,"minecraft:climb_one_cm":227,"minecraft:time_since_rest":6396,"minecraft:sprint_one_cm":107829,"minecraft:damage_taken":1072,"minecraft:walk_one_cm":159573,"minecraft:drop":19,"minecraft:damage_dealt":2347,"minecraft:damage_dealt_absorbed":21,"minecraft:fly_one_cm":209005,"minecraft:open_chest":3,"minecraft:crouch_one_cm":10626,"minecraft:play_time":27192,"tombstone:undead_killed":5,"minecraft:deaths":4,"minecraft:sneak_time":1757,"minecraft:walk_under_water_one_cm":2585,"minecraft:jump":545,"minecraft:walk_on_water_one_cm":5549,"minecraft:total_world_time":27192,"minecraft:fall_one_cm":10380},"minecraft:broken":{"minecraft:wooden_axe":1},"minecraft:killed_by":{"minecraft:skeleton":2,"born_in_chaos_v1:dread_hound":2},"minecraft:killed":{"graveyard:ghoul":1,"born_in_chaos_v1:baby_skeleton":1,"minecraft:creeper":1,"minecraft:sheep":3,"minecraft:skeleton":2,"minecraft:zombie":1,"born_in_chaos_v1:dread_hound":2,"ars_nouveau:summon_wolf":2,"ars_nouveau:wilden_hunter":1},"minecraft:crafted":{"minecraft:oak_planks":92,"minecraft:crafting_table":1,"minecraft:wooden_pickaxe":1,"minecraft:stone_axe":1,"minecraft:stick":20,"minecraft:stone_pickaxe":1,"minecraft:wooden_axe":1,"minecraft:torch":28},"minecraft:picked_up":{"minecraft:birch_log":6,"minecraft:crafting_table":2,"born_in_chaos_v1:monster_flesh":2,"minecraft:leather":2,"minecraft:oak_log":23,"minecraft:gunpowder":2,"minecraft:dirt":1,"minecraft:bone":2,"minecraft:stone_bricks":2,"graveyard:corruption":1,"minecraft:beef":1,"minecraft:oak_planks":4,"minecraft:raw_iron":2,"minecraft:stick":4,"minecraft:torch":3,"epicfight:skillbook":1,"tombstone:grave_dust":1,"ars_nouveau:wilden_horn":1,"minecraft:bundle":1,"minecraft:arrow":3,"minecraft:rotten_flesh":1,"minecraft:bread":6,"minecraft:oak_sapling":8,"minecraft:mutton":4,"minecraft:coal":23,"minecraft:white_wool":3,"minecraft:cobblestone":7}},"DataVersion":2975}