{
  "securitycraft:recipes/securitycraft/universal_block_remover": {
    "criteria": {
      "has_iron": "2024-09-13 02:56:34 +0000"
    },
    "done": true
  },
  "minecraft:recipes/tools/fishing_rod": {
    "criteria": {
      "has_string": "2024-09-13 02:45:01 +0000"
    },
    "done": true
  },
  "minecraft:recipes/decorations/smoker": {
    "criteria": {
      "has_furnace": "2024-09-13 02:48:13 +0000"
    },
    "done": true
  },
  "minecraft:recipes/food/cooked_mutton_from_campfire_cooking": {
    "criteria": {
      "has_mutton": "2024-09-13 02:41:36 +0000"
    },
    "done": true
  },
  "soulsweapons:recipes/soulsweapons.general/moonstone": {
    "criteria": {
      "has_item": "2024-09-13 02:59:16 +0000"
    },
    "done": true
  },
  "repurposed_structures:igloos": {
    "criteria": {
      "in_igloo_grassy": "2024-09-13 02:47:24 +0000"
    },
    "done": false
  },
  "minecraft:recipes/redstone/lever": {
    "criteria": {
      "has_cobblestone": "2024-09-13 02:50:11 +0000"
    },
    "done": true
  },
  "obscure_api:recipes/obscure_book": {
    "criteria": {
      "has_item": "2024-09-13 02:43:21 +0000"
    },
    "done": true
  },
  "minecraft:recipes/combat/iron_sword": {
    "criteria": {
      "has_iron_ingot": "2024-09-13 02:56:34 +0000"
    },
    "done": true
  },
  "securitycraft:recipes/securitycraft/reinforced_andesite_with_vanilla_diorite": {
    "criteria": {
      "has_cobblestone": "2024-09-13 02:50:11 +0000"
    },
    "done": true
  },
  "minecraft:recipes/building_blocks/polished_deepslate": {
    "criteria": {
      "has_cobbled_deepslate": "2024-09-13 02:53:57 +0000"
    },
    "done": true
  },
  "minecraft:recipes/building_blocks/chiseled_deepslate_from_cobbled_deepslate_stonecutting": {
    "criteria": {
      "has_cobbled_deepslate": "2024-09-13 02:53:57 +0000"
    },
    "done": true
  },
  "securitycraft:recipes/securitycraft/sentry": {
    "criteria": {
      "has_iron": "2024-09-13 02:56:34 +0000"
    },
    "done": true
  },
  "minecraft:recipes/tools/iron_pickaxe": {
    "criteria": {
      "has_iron_ingot": "2024-09-13 02:56:34 +0000"
    },
    "done": true
  },
  "minecraft:recipes/combat/leather_helmet": {
    "criteria": {
      "has_leather": "2024-09-13 04:17:22 +0000"
    },
    "done": true
  },
  "cfm:recipes/cfm/stripped_birch_kitchen_sink_light": {
    "criteria": {
      "has_bucket": "2024-09-13 03:16:10 +0000"
    },
    "done": true
  },
  "minecraft:recipes/decorations/crafting_table": {
    "criteria": {
      "has_the_recipe": "2024-09-13 02:43:21 +0000"
    },
    "done": true
  },
  "minecraft:recipes/building_blocks/magenta_wool": {
    "criteria": {
      "has_white_wool": "2024-09-13 02:41:42 +0000"
    },
    "done": true
  },
  "minecraft:recipes/misc/melon_seeds": {
    "criteria": {
      "has_melon": "2024-09-13 02:43:43 +0000"
    },
    "done": true
  },
  "sophisticatedbackpacks:recipes/sophisticatedbackpacks/gold_backpack": {
    "criteria": {
      "has_iron_backpack": "2024-09-13 04:21:25 +0000"
    },
    "done": true
  },
  "iceandfire:iceandfire/root": {
    "criteria": {
      "tick": "2024-09-13 02:36:52 +0000"
    },
    "done": true
  },
  "minecraft:recipes/decorations/ladder": {
    "criteria": {
      "has_stick": "2024-09-13 02:42:48 +0000"
    },
    "done": true
  },
  "minecraft:recipes/decorations/chest": {
    "criteria": {
      "has_lots_of_items": "2024-09-13 02:42:49 +0000"
    },
    "done": true
  },
  "minecraft:recipes/combat/golden_sword": {
    "criteria": {
      "has_gold_ingot": "2024-09-13 02:45:51 +0000"
    },
    "done": true
  },
  "securitycraft:recipes/securitycraft/reinforced_redstone_lamp": {
    "criteria": {
      "has_redstone": "2024-09-13 03:34:03 +0000"
    },
    "done": true
  },
  "minecraft:recipes/building_blocks/cobbled_deepslate_slab": {
    "criteria": {
      "has_cobbled_deepslate": "2024-09-13 02:53:57 +0000"
    },
    "done": true
  },
  "soulsweapons:recipes/soulsweapons.general/verglas_block": {
    "criteria": {
      "has_item": "2024-09-13 03:05:26 +0000"
    },
    "done": true
  },
  "cfm:recipes/cfm/diorite_table": {
    "criteria": {
      "has_planks": "2024-09-13 03:48:56 +0000"
    },
    "done": true
  },
  "minecraft:recipes/tools/wooden_shovel": {
    "criteria": {
      "has_stick": "2024-09-13 02:42:48 +0000"
    },
    "done": true
  },
  "minecraft:recipes/decorations/torch": {
    "criteria": {
      "has_stone_pickaxe": "2024-09-13 02:50:52 +0000"
    },
    "done": true
  },
  "minecraft:recipes/tools/shears": {
    "criteria": {
      "has_iron_ingot": "2024-09-13 02:56:34 +0000"
    },
    "done": true
  },
  "minecraft:recipes/misc/stick": {
    "criteria": {
      "has_planks": "2024-09-13 02:43:25 +0000"
    },
    "done": true
  },
  "cfm:recipes/cfm/brown_grill": {
    "criteria": {
      "has_iron": "2024-09-13 02:56:34 +0000"
    },
    "done": true
  },
  "cfm:recipes/cfm/green_grill": {
    "criteria": {
      "has_iron": "2024-09-13 02:56:34 +0000"
    },
    "done": true
  },
  "cfm:recipes/cfm/diorite_chair": {
    "criteria": {
      "has_planks": "2024-09-13 03:48:56 +0000"
    },
    "done": true
  },
  "cfm:recipes/cfm/crimson_kitchen_sink_light": {
    "criteria": {
      "has_bucket": "2024-09-13 03:16:10 +0000"
    },
    "done": true
  },
  "securitycraft:recipes/securitycraft/electrified_iron_fence": {
    "criteria": {
      "has_iron": "2024-09-13 02:56:34 +0000"
    },
    "done": true
  },
  "minecraft:recipes/building_blocks/emerald_block": {
    "criteria": {
      "has_emerald": "2024-09-13 04:14:18 +0000"
    },
    "done": true
  },
  "cfm:recipes/cfm/stripped_jungle_kitchen_sink_dark": {
    "criteria": {
      "has_bucket": "2024-09-13 03:16:10 +0000"
    },
    "done": true
  },
  "soulsweapons:recipes/soulsweapons.general/bluemoon_greatsword": {
    "criteria": {
      "has_item": "2024-09-13 02:59:16 +0000"
    },
    "done": true
  },
  "securitycraft:recipes/securitycraft/reinforced_dark_oak_fence_gate": {
    "criteria": {
      "has_stick": "2024-09-13 02:42:48 +0000"
    },
    "done": true
  },
  "securitycraft:recipes/securitycraft/reinforced_andesite_with_vanilla_cobblestone": {
    "criteria": {
      "has_cobblestone": "2024-09-13 02:50:11 +0000"
    },
    "done": true
  },
  "minecraft:recipes/combat/iron_leggings": {
    "criteria": {
      "has_iron_ingot": "2024-09-13 02:56:34 +0000"
    },
    "done": true
  },
  "mutantmonsters:root": {
    "criteria": {
      "killed_something": "2024-09-13 02:41:35 +0000"
    },
    "done": true
  },
  "minecraft:recipes/brewing/golden_carrot": {
    "criteria": {
      "has_gold_nugget": "2024-09-13 02:47:43 +0000"
    },
    "done": true
  },
  "minecraft:recipes/combat/shield": {
    "criteria": {
      "has_iron_ingot": "2024-09-13 02:56:34 +0000"
    },
    "done": true
  },
  "cfm:recipes/cfm/gray_kitchen_sink": {
    "criteria": {
      "has_bucket": "2024-09-13 03:16:10 +0000"
    },
    "done": true
  },
  "minecraft:recipes/building_blocks/cobblestone_slab": {
    "criteria": {
      "has_cobblestone": "2024-09-13 02:50:11 +0000"
    },
    "done": true
  },
  "cfm:recipes/cfm/oak_bedside_cabinet": {
    "criteria": {
      "has_log": "2024-09-13 02:42:48 +0000"
    },
    "done": true
  },
  "minecraft:recipes/decorations/gray_bed": {
    "criteria": {
      "has_gray_wool": "2024-09-13 02:41:36 +0000"
    },
    "done": true
  },
  "minecraft:recipes/redstone/hopper": {
    "criteria": {
      "has_iron_ingot": "2024-09-13 02:56:34 +0000"
    },
    "done": true
  },
  "minecraft:recipes/decorations/cobbled_deepslate_wall_from_cobbled_deepslate_stonecutting": {
    "criteria": {
      "has_cobbled_deepslate": "2024-09-13 02:53:57 +0000"
    },
    "done": true
  },
  "twilightforest:beanstalk": {
    "criteria": {
      "beans": "2024-09-13 03:54:09 +0000"
    },
    "done": false
  },
  "cfm:recipes/cfm/orange_grill": {
    "criteria": {
      "has_iron": "2024-09-13 02:56:34 +0000"
    },
    "done": true
  },
  "securitycraft:recipes/securitycraft/taser": {
    "criteria": {
      "has_redstone": "2024-09-13 03:34:03 +0000"
    },
    "done": true
  },
  "cfm:recipes/cfm/diving_board": {
    "criteria": {
      "has_wheat": "2024-09-13 02:45:14 +0000"
    },
    "done": true
  },
  "minecraft:recipes/building_blocks/deepslate_tile_stairs_from_cobbled_deepslate_stonecutting": {
    "criteria": {
      "has_cobbled_deepslate": "2024-09-13 02:53:57 +0000"
    },
    "done": true
  },
  "securitycraft:recipes/securitycraft/reinforced_spruce_fence_gate": {
    "criteria": {
      "has_stick": "2024-09-13 02:42:48 +0000"
    },
    "done": true
  },
  "minecraft:recipes/misc/gold_ingot_from_smelting_raw_gold": {
    "criteria": {
      "has_raw_gold": "2024-09-13 03:10:12 +0000"
    },
    "done": true
  },
  "cfm:recipes/cfm/blue_grill": {
    "criteria": {
      "has_iron": "2024-09-13 02:56:34 +0000"
    },
    "done": true
  },
  "artifacts:chest_slayer": {
    "criteria": {
      "kill_mimic": "2024-09-13 03:03:41 +0000"
    },
    "done": true
  },
  "minecraft:recipes/combat/leather_leggings": {
    "criteria": {
      "has_leather": "2024-09-13 04:17:22 +0000"
    },
    "done": true
  },
  "cfm:recipes/cfm/black_kitchen_sink": {
    "criteria": {
      "has_bucket": "2024-09-13 03:16:10 +0000"
    },
    "done": true
  },
  "cfm:recipes/cfm/jungle_kitchen_sink_light": {
    "criteria": {
      "has_bucket": "2024-09-13 03:16:10 +0000"
    },
    "done": true
  },
  "minecraft:recipes/food/cooked_mutton_from_grill_cooking": {
    "criteria": {
      "has_mutton": "2024-09-13 02:41:36 +0000"
    },
    "done": true
  },
  "securitycraft:recipes/securitycraft/security_camera": {
    "criteria": {
      "has_iron": "2024-09-13 02:56:34 +0000"
    },
    "done": true
  },
  "minecraft:recipes/redstone/lectern": {
    "criteria": {
      "has_book": "2024-09-13 04:14:50 +0000"
    },
    "done": true
  },
  "securitycraft:recipes/securitycraft/door_indestructible_iron_item": {
    "criteria": {
      "has_iron": "2024-09-13 02:56:34 +0000"
    },
    "done": true
  },
  "incendium:technical/using/trailblazer": {
    "criteria": {
      "log_spam_fixer": "2024-09-13 02:36:52 +0000"
    },
    "done": false
  },
  "cfm:recipes/cfm/spruce_kitchen_sink_dark": {
    "criteria": {
      "has_bucket": "2024-09-13 03:16:10 +0000"
    },
    "done": true
  },
  "cfm:recipes/cfm/purple_grill": {
    "criteria": {
      "has_iron": "2024-09-13 02:56:34 +0000"
    },
    "done": true
  },
  "minecraft:recipes/decorations/iron_bars": {
    "criteria": {
      "has_iron_ingot": "2024-09-13 02:56:34 +0000"
    },
    "done": true
  },
  "cfm:recipes/cfm/dark_oak_kitchen_sink_dark": {
    "criteria": {
      "has_bucket": "2024-09-13 03:16:10 +0000"
    },
    "done": true
  },
  "soulsweapons:moonstone": {
    "criteria": {
      "item": "2024-09-13 02:59:16 +0000"
    },
    "done": true
  },
  "securitycraft:recipes/securitycraft/reinforced_crimson_fence_gate": {
    "criteria": {
      "has_stick": "2024-09-13 02:42:48 +0000"
    },
    "done": true
  },
  "incendium:technical/scroll_of_returning": {
    "criteria": {
      "log_spam_fixer": "2024-09-13 02:36:52 +0000"
    },
    "done": false
  },
  "cfm:recipes/cfm/purple_kitchen_sink": {
    "criteria": {
      "has_bucket": "2024-09-13 03:16:10 +0000"
    },
    "done": true
  },
  "securitycraft:recipes/securitycraft/reinforced_dropper": {
    "criteria": {
      "has_redstone": "2024-09-13 03:34:03 +0000"
    },
    "done": true
  },
  "minecraft:recipes/building_blocks/blue_wool": {
    "criteria": {
      "has_white_wool": "2024-09-13 02:41:42 +0000"
    },
    "done": true
  },
  "minecraft:recipes/building_blocks/gold_block": {
    "criteria": {
      "has_gold_ingot": "2024-09-13 02:45:51 +0000"
    },
    "done": true
  },
  "minecraft:story/obtain_armor": {
    "criteria": {
      "iron_chestplate": "2024-09-13 03:17:41 +0000"
    },
    "done": true
  },
  "securitycraft:recipes/securitycraft/portable_radar": {
    "criteria": {
      "has_redstone": "2024-09-13 03:34:03 +0000"
    },
    "done": true
  },
  "awesomedungeon:mushroom_abandonned/find_during_night": {
    "criteria": {
      "requirement": "2024-09-13 02:44:33 +0000"
    },
    "done": true
  },
  "minecraft:recipes/decorations/deepslate_brick_wall_from_cobbled_deepslate_stonecutting": {
    "criteria": {
      "has_cobbled_deepslate": "2024-09-13 02:53:57 +0000"
    },
    "done": true
  },
  "cfm:recipes/cfm/dark_oak_kitchen_sink_light": {
    "criteria": {
      "has_bucket": "2024-09-13 03:16:10 +0000"
    },
    "done": true
  },
  "minecraft:recipes/brewing/cauldron": {
    "criteria": {
      "has_water_bucket": "2024-09-13 03:30:10 +0000"
    },
    "done": true
  },
  "minecraft:recipes/combat/diamond_leggings": {
    "criteria": {
      "has_diamond": "2024-09-13 03:05:20 +0000"
    },
    "done": true
  },
  "securitycraft:recipes/securitycraft/reinforced_jungle_fence": {
    "criteria": {
      "has_stick": "2024-09-13 02:42:48 +0000"
    },
    "done": true
  },
  "minecraft:recipes/building_blocks/cobblestone_slab_from_cobblestone_stonecutting": {
    "criteria": {
      "has_cobblestone": "2024-09-13 02:50:11 +0000"
    },
    "done": true
  },
  "minecraft:recipes/building_blocks/oak_stairs": {
    "criteria": {
      "has_planks": "2024-09-13 02:43:25 +0000"
    },
    "done": true
  },
  "cfm:recipes/cfm/oak_kitchen_drawer": {
    "criteria": {
      "has_log": "2024-09-13 02:42:48 +0000"
    },
    "done": true
  },
  "blue_skies:recipes/blue_skies_everbright_blocks/frostbright_bookshelf": {
    "criteria": {
      "has_item": "2024-09-13 04:14:50 +0000"
    },
    "done": true
  },
  "cfm:recipes/cfm/stripped_oak_coffee_table": {
    "criteria": {
      "has_planks": "2024-09-13 02:42:48 +0000"
    },
    "done": true
  },
  "cfm:recipes/cfm/stripped_oak_cabinet": {
    "criteria": {
      "has_log": "2024-09-13 02:42:48 +0000"
    },
    "done": true
  },
  "minecraft:recipes/transportation/acacia_boat": {
    "criteria": {
      "in_water": "2024-09-13 03:29:03 +0000"
    },
    "done": true
  },
  "minecraft:recipes/redstone/iron_trapdoor": {
    "criteria": {
      "has_iron_ingot": "2024-09-13 02:56:34 +0000"
    },
    "done": true
  },
  "minecraft:recipes/building_blocks/ice_from_freezing": {
    "criteria": {
      "has_water": "2024-09-13 03:30:10 +0000"
    },
    "done": true
  },
  "minecraft:adventure/root": {
    "criteria": {
      "killed_something": "2024-09-13 02:41:35 +0000"
    },
    "done": true
  },
  "securitycraft:recipes/securitycraft/storage_module": {
    "criteria": {
      "has_iron": "2024-09-13 02:56:34 +0000"
    },
    "done": true
  },
  "graveyard:graveyard/kill_graveyard_mob": {
    "criteria": {
      "ghoul": "2024-09-13 03:51:24 +0000"
    },
    "done": true
  },
  "minecraft:recipes/building_blocks/white_wool_from_string": {
    "criteria": {
      "has_string": "2024-09-13 02:45:01 +0000"
    },
    "done": true
  },
  "minecraft:recipes/tools/diamond_pickaxe": {
    "criteria": {
      "has_diamond": "2024-09-13 03:05:20 +0000"
    },
    "done": true
  },
  "cfm:recipes/cfm/stripped_oak_desk_cabinet": {
    "criteria": {
      "has_planks": "2024-09-13 02:42:48 +0000"
    },
    "done": true
  },
  "cfm:recipes/cfm/acacia_kitchen_sink_dark": {
    "criteria": {
      "has_bucket": "2024-09-13 03:16:10 +0000"
    },
    "done": true
  },
  "minecraft:adventure/kill_all_mobs": {
    "criteria": {
      "minecraft:skeleton": "2024-09-13 02:59:06 +0000",
      "minecraft:spider": "2024-09-13 02:44:59 +0000",
      "minecraft:witch": "2024-09-13 03:19:54 +0000",
      "minecraft:cave_spider": "2024-09-13 02:46:05 +0000",
      "minecraft:enderman": "2024-09-13 04:01:14 +0000",
      "minecraft:zombie": "2024-09-13 02:50:36 +0000"
    },
    "done": false
  },
  "cfm:recipes/cfm/stripped_spruce_kitchen_sink_light": {
    "criteria": {
      "has_bucket": "2024-09-13 03:16:10 +0000"
    },
    "done": true
  },
  "incendium:technical/sentrys_wrath": {
    "criteria": {
      "log_spam_fixer": "2024-09-13 04:23:44 +0000"
    },
    "done": false
  },
  "minecraft:recipes/building_blocks/polished_deepslate_from_cobbled_deepslate_stonecutting": {
    "criteria": {
      "has_cobbled_deepslate": "2024-09-13 02:53:57 +0000"
    },
    "done": true
  },
  "minecraft:recipes/redstone/redstone_block": {
    "criteria": {
      "has_redstone": "2024-09-13 03:34:03 +0000"
    },
    "done": true
  },
  "soulsweapons:recipes/soulsweapons.general/verglas": {
    "criteria": {
      "has_item": "2024-09-13 03:05:26 +0000"
    },
    "done": true
  },
  "minecraft:recipes/food/cooked_beef_from_smoking": {
    "criteria": {
      "has_beef": "2024-09-13 04:17:22 +0000"
    },
    "done": true
  },
  "minecraft:recipes/brewing/glistering_melon_slice": {
    "criteria": {
      "has_melon": "2024-09-13 02:43:43 +0000"
    },
    "done": true
  },
  "minecraft:recipes/misc/iron_nugget_from_smelting": {
    "criteria": {
      "has_iron_pickaxe": "2024-09-13 02:56:58 +0000"
    },
    "done": true
  },
  "minecraft:recipes/food/cooked_mutton_from_smoking": {
    "criteria": {
      "has_mutton": "2024-09-13 02:41:36 +0000"
    },
    "done": true
  },
  "minecraft:recipes/building_blocks/polished_deepslate_slab_from_cobbled_deepslate_stonecutting": {
    "criteria": {
      "has_cobbled_deepslate": "2024-09-13 02:53:57 +0000"
    },
    "done": true
  },
  "cfm:recipes/cfm/blue_kitchen_sink": {
    "criteria": {
      "has_bucket": "2024-09-13 03:16:10 +0000"
    },
    "done": true
  },
  "iceandfire:iceandfire/kill_troll": {
    "criteria": {
      "killed_fire_dragon": "2024-09-13 03:51:34 +0000"
    },
    "done": true
  },
  "cfm:recipes/cfm/pink_grill": {
    "criteria": {
      "has_iron": "2024-09-13 02:56:34 +0000"
    },
    "done": true
  },
  "minecraft:recipes/decorations/granite_wall_from_granite_stonecutting": {
    "criteria": {
      "has_granite": "2024-09-13 03:06:37 +0000"
    },
    "done": true
  },
  "minecraft:recipes/decorations/chain": {
    "criteria": {
      "has_iron_ingot": "2024-09-13 02:56:34 +0000"
    },
    "done": true
  },
  "securitycraft:recipes/securitycraft/reinforced_warped_fence_gate": {
    "criteria": {
      "has_stick": "2024-09-13 02:42:48 +0000"
    },
    "done": true
  },
  "minecraft:recipes/misc/blue_dye": {
    "criteria": {
      "has_lapis_lazuli": "2024-09-13 02:52:16 +0000"
    },
    "done": true
  },
  "cfm:recipes/cfm/magenta_grill": {
    "criteria": {
      "has_iron": "2024-09-13 02:56:34 +0000"
    },
    "done": true
  },
  "minecraft:recipes/decorations/oak_fence": {
    "criteria": {
      "has_planks": "2024-09-13 02:43:25 +0000"
    },
    "done": true
  },
  "paraglider:root": {
    "criteria": {
      "crafting_table": "2024-09-13 02:43:21 +0000"
    },
    "done": true
  },
  "securitycraft:recipes/securitycraft/universal_block_modifier": {
    "criteria": {
      "has_redstone": "2024-09-13 03:34:03 +0000"
    },
    "done": true
  },
  "minecraft:recipes/food/cooked_cod_from_campfire_cooking": {
    "criteria": {
      "has_cod": "2024-09-13 03:22:32 +0000"
    },
    "done": true
  },
  "soulsweapons:recipes/soulsweapons.general/skofnung_stone": {
    "criteria": {
      "has_item": "2024-09-13 03:05:26 +0000"
    },
    "done": true
  },
  "minecraft:recipes/food/baked_potato_from_grill_cooking": {
    "criteria": {
      "has_potato": "2024-09-13 02:49:16 +0000"
    },
    "done": true
  },
  "twilightforest:giants": {
    "criteria": {
      "pickaxe": "2024-09-13 03:54:09 +0000"
    },
    "done": false
  },
  "minecraft:recipes/food/baked_potato_from_campfire_cooking": {
    "criteria": {
      "has_potato": "2024-09-13 02:49:16 +0000"
    },
    "done": true
  },
  "minecraft:recipes/building_blocks/oak_slab": {
    "criteria": {
      "has_planks": "2024-09-13 02:43:25 +0000"
    },
    "done": true
  },
  "cfm:recipes/cfm/granite_desk_cabinet": {
    "criteria": {
      "has_planks": "2024-09-13 03:06:37 +0000"
    },
    "done": true
  },
  "securitycraft:recipes/securitycraft/reinforced_crimson_fence": {
    "criteria": {
      "has_stick": "2024-09-13 02:42:48 +0000"
    },
    "done": true
  },
  "cfm:recipes/cfm/stripped_oak_park_bench": {
    "criteria": {
      "has_log": "2024-09-13 02:42:48 +0000"
    },
    "done": true
  },
  "minecraft:recipes/building_blocks/granite_stairs": {
    "criteria": {
      "has_granite": "2024-09-13 03:06:37 +0000"
    },
    "done": true
  },
  "cfm:recipes/cfm/granite_cabinet": {
    "criteria": {
      "has_planks": "2024-09-13 03:06:37 +0000"
    },
    "done": true
  },
  "alexsmobs:recipes/misc/animal_dictionary": {
    "criteria": {
      "has_items": "2024-09-13 04:14:50 +0000"
    },
    "done": true
  },
  "minecraft:recipes/building_blocks/black_wool": {
    "criteria": {
      "has_white_wool": "2024-09-13 02:41:42 +0000"
    },
    "done": true
  },
  "cfm:recipes/cfm/stripped_crimson_kitchen_sink_light": {
    "criteria": {
      "has_bucket": "2024-09-13 03:16:10 +0000"
    },
    "done": true
  },
  "minecraft:recipes/combat/golden_chestplate": {
    "criteria": {
      "has_gold_ingot": "2024-09-13 02:45:51 +0000"
    },
    "done": true
  },
  "minecraft:recipes/decorations/deepslate_tile_wall_from_cobbled_deepslate_stonecutting": {
    "criteria": {
      "has_cobbled_deepslate": "2024-09-13 02:53:57 +0000"
    },
    "done": true
  },
  "minecraft:recipes/misc/iron_ingot_from_blasting_raw_iron": {
    "criteria": {
      "has_raw_iron": "2024-09-13 02:51:29 +0000"
    },
    "done": true
  },
  "cfm:recipes/cfm/stripped_oak_kitchen_sink_dark": {
    "criteria": {
      "has_bucket": "2024-09-13 03:16:10 +0000"
    },
    "done": true
  },
  "sophisticatedbackpacks:recipes/sophisticatedbackpacks/iron_backpack": {
    "criteria": {
      "has_backpack": "2024-09-13 03:50:30 +0000"
    },
    "done": true
  },
  "minecraft:recipes/building_blocks/diorite_stairs_from_diorite_stonecutting": {
    "criteria": {
      "has_diorite": "2024-09-13 03:48:56 +0000"
    },
    "done": true
  },
  "soulsweapons:recipes/soulsweapons.general/moonstone_hoe_left": {
    "criteria": {
      "has_item": "2024-09-13 02:59:16 +0000"
    },
    "done": true
  },
  "securitycraft:recipes/securitycraft/universal_key_changer": {
    "criteria": {
      "has_redstone": "2024-09-13 03:34:03 +0000"
    },
    "done": true
  },
  "cfm:recipes/cfm/diorite_desk": {
    "criteria": {
      "has_planks": "2024-09-13 03:48:56 +0000"
    },
    "done": true
  },
  "cfm:recipes/cfm/stripped_oak_crate": {
    "criteria": {
      "has_planks": "2024-09-13 02:42:48 +0000"
    },
    "done": true
  },
  "minecraft:recipes/building_blocks/iron_block": {
    "criteria": {
      "has_iron_ingot": "2024-09-13 02:56:34 +0000"
    },
    "done": true
  },
  "cfm:recipes/cfm/crimson_kitchen_sink_dark": {
    "criteria": {
      "has_bucket": "2024-09-13 03:16:10 +0000"
    },
    "done": true
  },
  "cfm:recipes/cfm/fridge_dark": {
    "criteria": {
      "has_iron": "2024-09-13 02:56:34 +0000"
    },
    "done": true
  },
  "incendium:technical/inventory/sentrys_wrath": {
    "criteria": {
      "log_spam_fixer": "2024-09-13 04:23:44 +0000"
    },
    "done": false
  },
  "cfm:recipes/cfm/oak_chair": {
    "criteria": {
      "has_log": "2024-09-13 02:42:48 +0000"
    },
    "done": true
  },
  "sophisticatedbackpacks:recipes/sophisticatedbackpacks/copper_backpack": {
    "criteria": {
      "has_backpack": "2024-09-13 03:50:30 +0000"
    },
    "done": true
  },
  "mowziesmobs:root": {
    "criteria": {
      "custom_test_name": "2024-09-13 02:36:52 +0000"
    },
    "done": true
  },
  "cfm:recipes/cfm/acacia_kitchen_sink_light": {
    "criteria": {
      "has_bucket": "2024-09-13 03:16:10 +0000"
    },
    "done": true
  },
  "securitycraft:recipes/securitycraft/reinforced_birch_fence": {
    "criteria": {
      "has_stick": "2024-09-13 02:42:48 +0000"
    },
    "done": true
  },
  "minecraft:story/deflect_arrow": {
    "criteria": {
      "deflected_projectile": "2024-09-13 02:58:59 +0000"
    },
    "done": true
  },
  "securitycraft:recipes/securitycraft/username_logger": {
    "criteria": {
      "has_redstone": "2024-09-13 03:34:03 +0000"
    },
    "done": true
  },
  "minecraft:recipes/building_blocks/light_blue_wool": {
    "criteria": {
      "has_white_wool": "2024-09-13 02:41:42 +0000"
    },
    "done": true
  },
  "minecraft:recipes/combat/wooden_sword": {
    "criteria": {
      "has_stick": "2024-09-13 02:42:48 +0000"
    },
    "done": true
  },
  "minecraft:recipes/decorations/gray_banner": {
    "criteria": {
      "has_gray_wool": "2024-09-13 02:41:36 +0000"
    },
    "done": true
  },
  "minecraft:recipes/building_blocks/oak_planks": {
    "criteria": {
      "has_logs": "2024-09-13 02:42:48 +0000"
    },
    "done": true
  },
  "cfm:recipes/cfm/cyan_kitchen_sink": {
    "criteria": {
      "has_bucket": "2024-09-13 03:16:10 +0000"
    },
    "done": true
  },
  "cfm:recipes/cfm/granite_coffee_table": {
    "criteria": {
      "has_planks": "2024-09-13 03:06:37 +0000"
    },
    "done": true
  },
  "securitycraft:recipes/securitycraft/cage_trap": {
    "criteria": {
      "has_redstone": "2024-09-13 03:34:03 +0000"
    },
    "done": true
  },
  "cfm:recipes/cfm/stripped_oak_kitchen_counter": {
    "criteria": {
      "has_log": "2024-09-13 02:42:48 +0000"
    },
    "done": true
  },
  "securitycraft:recipes/securitycraft/smart_module": {
    "criteria": {
      "has_iron": "2024-09-13 02:56:34 +0000"
    },
    "done": true
  },
  "minecraft:recipes/building_blocks/bookshelf": {
    "criteria": {
      "has_book": "2024-09-13 04:14:50 +0000"
    },
    "done": true
  },
  "minecraft:recipes/tools/golden_axe": {
    "criteria": {
      "has_gold_ingot": "2024-09-13 02:45:51 +0000"
    },
    "done": true
  },
  "securitycraft:recipes/securitycraft/block_change_detector": {
    "criteria": {
      "has_iron": "2024-09-13 02:56:34 +0000"
    },
    "done": true
  },
  "minecraft:recipes/tools/iron_axe": {
    "criteria": {
      "has_iron_ingot": "2024-09-13 02:56:34 +0000"
    },
    "done": true
  },
  "cfm:recipes/cfm/green_kitchen_sink": {
    "criteria": {
      "has_bucket": "2024-09-13 03:16:10 +0000"
    },
    "done": true
  },
  "minecraft:recipes/decorations/gray_carpet": {
    "criteria": {
      "has_gray_wool": "2024-09-13 02:41:36 +0000"
    },
    "done": true
  },
  "minecraft:recipes/redstone/tripwire_hook": {
    "criteria": {
      "has_string": "2024-09-13 02:45:01 +0000"
    },
    "done": true
  },
  "minecraft:recipes/building_blocks/raw_gold_block": {
    "criteria": {
      "has_raw_gold": "2024-09-13 03:10:12 +0000"
    },
    "done": true
  },
  "securitycraft:recipes/securitycraft/reinforced_acacia_fence": {
    "criteria": {
      "has_stick": "2024-09-13 02:42:48 +0000"
    },
    "done": true
  },
  "minecraft:recipes/combat/iron_boots": {
    "criteria": {
      "has_iron_ingot": "2024-09-13 02:56:34 +0000"
    },
    "done": true
  },
  "minecraft:recipes/misc/bone_meal": {
    "criteria": {
      "has_bone": "2024-09-13 02:45:53 +0000"
    },
    "done": true
  },
  "cfm:recipes/cfm/stripped_acacia_kitchen_sink_dark": {
    "criteria": {
      "has_bucket": "2024-09-13 03:16:10 +0000"
    },
    "done": true
  },
  "securitycraft:recipes/securitycraft/reinforced_piston": {
    "criteria": {
      "has_redstone": "2024-09-13 03:34:03 +0000"
    },
    "done": true
  },
  "minecraft:story/iron_tools": {
    "criteria": {
      "iron_pickaxe": "2024-09-13 02:56:58 +0000"
    },
    "done": true
  },
  "paraglider:recipes/paraglider/paraglider": {
    "criteria": {
      "has_stick": "2024-09-13 02:42:48 +0000"
    },
    "done": true
  },
  "sophisticatedbackpacks:recipes/sophisticatedbackpacks/upgrade_base": {
    "criteria": {
      "has_leather": "2024-09-13 04:17:22 +0000"
    },
    "done": true
  },
  "minecraft:recipes/combat/crossbow": {
    "criteria": {
      "has_stick": "2024-09-13 02:42:48 +0000"
    },
    "done": true
  },
  "blue_skies:recipes/blue_skies_everbright_blocks/bluebright_bookshelf": {
    "criteria": {
      "has_item": "2024-09-13 04:14:50 +0000"
    },
    "done": true
  },
  "minecraft:recipes/combat/iron_chestplate": {
    "criteria": {
      "has_iron_ingot": "2024-09-13 02:56:34 +0000"
    },
    "done": true
  },
  "minecraft:recipes/decorations/cobbled_deepslate_wall": {
    "criteria": {
      "has_cobbled_deepslate": "2024-09-13 02:53:57 +0000"
    },
    "done": true
  },
  "minecraft:recipes/building_blocks/yellow_wool": {
    "criteria": {
      "has_white_wool": "2024-09-13 02:41:42 +0000"
    },
    "done": true
  },
  "minecraft:recipes/decorations/oak_sign": {
    "criteria": {
      "has_planks": "2024-09-13 02:43:25 +0000"
    },
    "done": true
  },
  "blue_skies:recipes/blue_skies_blocks/cherry_bookshelf": {
    "criteria": {
      "has_item": "2024-09-13 04:14:50 +0000"
    },
    "done": true
  },
  "artifacts:amateur_archaeologist": {
    "criteria": {
      "find_artifact": "2024-09-13 03:03:42 +0000"
    },
    "done": true
  },
  "minecraft:recipes/redstone/oak_trapdoor": {
    "criteria": {
      "has_planks": "2024-09-13 02:43:25 +0000"
    },
    "done": true
  },
  "minecraft:recipes/building_blocks/granite_stairs_from_granite_stonecutting": {
    "criteria": {
      "has_granite": "2024-09-13 03:06:37 +0000"
    },
    "done": true
  },
  "minecraft:recipes/building_blocks/polished_diorite_from_diorite_stonecutting": {
    "criteria": {
      "has_diorite": "2024-09-13 03:48:56 +0000"
    },
    "done": true
  },
  "soulsweapons:recipes/soulsweapons.general/moonstone_axe_left": {
    "criteria": {
      "has_item": "2024-09-13 02:59:16 +0000"
    },
    "done": true
  },
  "securitycraft:recipes/securitycraft/portable_tune_player": {
    "criteria": {
      "has_redstone": "2024-09-13 03:34:03 +0000"
    },
    "done": true
  },
  "cfm:recipes/cfm/stripped_oak_desk": {
    "criteria": {
      "has_planks": "2024-09-13 02:42:48 +0000"
    },
    "done": true
  },
  "minecraft:recipes/misc/iron_nugget_from_blasting": {
    "criteria": {
      "has_iron_pickaxe": "2024-09-13 02:56:58 +0000"
    },
    "done": true
  },
  "betterdungeons:root": {
    "criteria": {
      "always": "2024-09-13 02:36:52 +0000"
    },
    "done": true
  },
  "minecraft:recipes/decorations/polished_deepslate_wall_from_cobbled_deepslate_stonecutting": {
    "criteria": {
      "has_cobbled_deepslate": "2024-09-13 02:53:57 +0000"
    },
    "done": true
  },
  "sophisticatedbackpacks:recipes/sophisticatedbackpacks/backpack": {
    "criteria": {
      "has_leather": "2024-09-13 04:17:22 +0000"
    },
    "done": true
  },
  "twilightforest:alt/treasures/magic_beans": {
    "criteria": {
      "has_item": "2024-09-13 03:54:09 +0000"
    },
    "done": true
  },
  "securitycraft:recipes/securitycraft/reinforced_diorite": {
    "criteria": {
      "has_cobblestone": "2024-09-13 02:50:11 +0000"
    },
    "done": true
  },
  "securitycraft:recipes/securitycraft/trophy_system": {
    "criteria": {
      "has_iron": "2024-09-13 02:56:34 +0000"
    },
    "done": true
  },
  "minecraft:adventure/kill_a_mob": {
    "criteria": {
      "minecraft:spider": "2024-09-13 02:44:59 +0000"
    },
    "done": true
  },
  "securitycraft:recipes/securitycraft/camera_monitor": {
    "criteria": {
      "has_iron": "2024-09-13 02:56:34 +0000"
    },
    "done": true
  },
  "minecraft:recipes/tools/golden_pickaxe": {
    "criteria": {
      "has_gold_ingot": "2024-09-13 02:45:51 +0000"
    },
    "done": true
  },
  "incendium:technical/multiplex_crossbow": {
    "criteria": {
      "log_spam_fixer": "2024-09-13 04:23:44 +0000"
    },
    "done": false
  },
  "minecraft:recipes/decorations/diorite_wall": {
    "criteria": {
      "has_diorite": "2024-09-13 03:48:56 +0000"
    },
    "done": true
  },
  "securitycraft:recipes/securitycraft/limited_use_keycard": {
    "criteria": {
      "has_iron": "2024-09-13 02:56:34 +0000"
    },
    "done": true
  },
  "cfm:recipes/cfm/stripped_birch_kitchen_sink_dark": {
    "criteria": {
      "has_bucket": "2024-09-13 03:16:10 +0000"
    },
    "done": true
  },
  "soulsweapons:verglas": {
    "criteria": {
      "item": "2024-09-13 03:05:26 +0000"
    },
    "done": true
  },
  "tombstone:recipes/from_grave_dust": {
    "criteria": {
      "has_ingredient": "2024-09-13 02:49:23 +0000"
    },
    "done": true
  },
  "minecraft:recipes/building_blocks/stone": {
    "criteria": {
      "has_cobblestone": "2024-09-13 02:50:11 +0000"
    },
    "done": true
  },
  "incendium:technical/firestorm": {
    "criteria": {
      "log_spam_fixer": "2024-09-13 04:23:44 +0000"
    },
    "done": false
  },
  "minecraft:recipes/building_blocks/deepslate_bricks_from_cobbled_deepslate_stonecutting": {
    "criteria": {
      "has_cobbled_deepslate": "2024-09-13 02:53:57 +0000"
    },
    "done": true
  },
  "minecraft:adventure/adventuring_time": {
    "criteria": {
      "minecraft:birch_forest": "2024-09-13 04:19:08 +0000",
      "minecraft:savanna_plateau": "2024-09-13 03:42:13 +0000",
      "minecraft:beach": "2024-09-13 04:19:47 +0000",
      "minecraft:dark_forest": "2024-09-13 04:12:38 +0000",
      "minecraft:stony_peaks": "2024-09-13 04:00:22 +0000",
      "minecraft:sparse_jungle": "2024-09-13 02:36:52 +0000",
      "minecraft:river": "2024-09-13 03:13:16 +0000",
      "minecraft:dripstone_caves": "2024-09-13 02:52:03 +0000",
      "minecraft:forest": "2024-09-13 03:49:32 +0000",
      "minecraft:windswept_forest": "2024-09-13 04:16:34 +0000",
      "minecraft:ocean": "2024-09-13 04:23:05 +0000",
      "minecraft:jungle": "2024-09-13 04:10:22 +0000",
      "minecraft:savanna": "2024-09-13 02:47:22 +0000",
      "minecraft:plains": "2024-09-13 02:41:29 +0000"
    },
    "done": false
  },
  "cfm:recipes/cfm/granite_table": {
    "criteria": {
      "has_planks": "2024-09-13 03:06:37 +0000"
    },
    "done": true
  },
  "minecraft:recipes/building_blocks/deepslate_brick_stairs_from_cobbled_deepslate_stonecutting": {
    "criteria": {
      "has_cobbled_deepslate": "2024-09-13 02:53:57 +0000"
    },
    "done": true
  },
  "cfm:recipes/cfm/stripped_crimson_kitchen_sink_dark": {
    "criteria": {
      "has_bucket": "2024-09-13 03:16:10 +0000"
    },
    "done": true
  },
  "incendium:technical/using/ragnarok": {
    "criteria": {
      "log_spam_fixer": "2024-09-13 02:36:52 +0000"
    },
    "done": false
  },
  "cfm:recipes/cfm/red_grill": {
    "criteria": {
      "has_iron": "2024-09-13 02:56:34 +0000"
    },
    "done": true
  },
  "securitycraft:recipes/securitycraft/whitelist_module": {
    "criteria": {
      "has_iron": "2024-09-13 02:56:34 +0000"
    },
    "done": true
  },
  "minecraft:nether/brew_potion": {
    "criteria": {
      "potion": "2024-09-13 02:47:49 +0000"
    },
    "done": true
  },
  "minecraft:recipes/combat/stone_sword": {
    "criteria": {
      "has_cobblestone": "2024-09-13 02:50:11 +0000"
    },
    "done": true
  },
  "minecraft:recipes/decorations/barrel": {
    "criteria": {
      "has_planks": "2024-09-13 02:43:25 +0000"
    },
    "done": true
  },
  "minecraft:recipes/decorations/cobblestone_wall": {
    "criteria": {
      "has_cobblestone": "2024-09-13 02:50:11 +0000"
    },
    "done": true
  },
  "securitycraft:recipes/securitycraft/reinforced_warped_fence": {
    "criteria": {
      "has_stick": "2024-09-13 02:42:48 +0000"
    },
    "done": true
  },
  "cfm:recipes/cfm/stone_cabinet": {
    "criteria": {
      "has_planks": "2024-09-13 02:50:11 +0000"
    },
    "done": true
  },
  "minecraft:recipes/brewing/fermented_spider_eye": {
    "criteria": {
      "has_spider_eye": "2024-09-13 02:45:51 +0000"
    },
    "done": true
  },
  "minecraft:recipes/misc/iron_ingot_from_smelting_raw_iron": {
    "criteria": {
      "has_raw_iron": "2024-09-13 02:51:29 +0000"
    },
    "done": true
  },
  "cfm:recipes/cfm/stripped_acacia_kitchen_sink_light": {
    "criteria": {
      "has_bucket": "2024-09-13 03:16:10 +0000"
    },
    "done": true
  },
  "minecraft:recipes/tools/stone_pickaxe": {
    "criteria": {
      "has_cobblestone": "2024-09-13 02:50:11 +0000"
    },
    "done": true
  },
  "minecraft:recipes/decorations/smithing_table": {
    "criteria": {
      "has_iron_ingot": "2024-09-13 02:56:34 +0000"
    },
    "done": true
  },
  "incendium:technical/holy_wrath": {
    "criteria": {
      "log_spam_fixer": "2024-09-13 04:23:44 +0000"
    },
    "done": false
  },
  "cfm:recipes/cfm/oak_desk_cabinet": {
    "criteria": {
      "has_log": "2024-09-13 02:42:48 +0000"
    },
    "done": true
  },
  "cfm:recipes/cfm/diorite_coffee_table": {
    "criteria": {
      "has_planks": "2024-09-13 03:48:56 +0000"
    },
    "done": true
  },
  "soulsweapons:bluemoon_tools": {
    "criteria": {
      "soulsweapons:bluemoon_shortsword": "2024-09-13 03:40:45 +0000"
    },
    "done": true
  },
  "minecraft:recipes/building_blocks/deepslate_brick_slab_from_cobbled_deepslate_stonecutting": {
    "criteria": {
      "has_cobbled_deepslate": "2024-09-13 02:53:57 +0000"
    },
    "done": true
  },
  "minecraft:recipes/combat/leather_boots": {
    "criteria": {
      "has_leather": "2024-09-13 04:17:22 +0000"
    },
    "done": true
  },
  "sophisticatedbackpacks:recipes/sophisticatedbackpacks/diamond_backpack": {
    "criteria": {
      "has_gold_backpack": "2024-09-13 04:23:37 +0000"
    },
    "done": true
  },
  "minecraft:recipes/decorations/cobblestone_wall_from_cobblestone_stonecutting": {
    "criteria": {
      "has_cobblestone": "2024-09-13 02:50:11 +0000"
    },
    "done": true
  },
  "minecraft:recipes/building_blocks/diamond_block": {
    "criteria": {
      "has_diamond": "2024-09-13 03:05:20 +0000"
    },
    "done": true
  },
  "cfm:recipes/cfm/black_grill": {
    "criteria": {
      "has_iron": "2024-09-13 02:56:34 +0000"
    },
    "done": true
  },
  "cfm:recipes/cfm/warped_kitchen_sink_light": {
    "criteria": {
      "has_bucket": "2024-09-13 03:16:10 +0000"
    },
    "done": true
  },
  "minecraft:recipes/building_blocks/lapis_block": {
    "criteria": {
      "has_lapis_lazuli": "2024-09-13 02:52:16 +0000"
    },
    "done": true
  },
  "minecraft:recipes/food/cooked_cod_from_smoking": {
    "criteria": {
      "has_cod": "2024-09-13 03:22:32 +0000"
    },
    "done": true
  },
  "minecraft:recipes/decorations/lantern": {
    "criteria": {
      "has_iron_ingot": "2024-09-13 02:56:34 +0000"
    },
    "done": true
  },
  "soulsweapons:recipes/soulsweapons.general/bluemoon_shortsword": {
    "criteria": {
      "has_item": "2024-09-13 02:59:16 +0000"
    },
    "done": true
  },
  "securitycraft:recipes/securitycraft/reinforced_oak_fence_gate": {
    "criteria": {
      "has_stick": "2024-09-13 02:42:48 +0000"
    },
    "done": true
  },
  "cfm:recipes/cfm/light_blue_grill": {
    "criteria": {
      "has_iron": "2024-09-13 02:56:34 +0000"
    },
    "done": true
  },
  "cfm:recipes/cfm/post_box": {
    "criteria": {
      "has_iron": "2024-09-13 02:56:34 +0000"
    },
    "done": true
  },
  "soulsweapons:recipes/soulsweapons.general/blackstone_pedestal": {
    "criteria": {
      "has_item": "2024-09-13 02:59:16 +0000"
    },
    "done": true
  },
  "soulsweapons:recipes/soulsweapons.general/moonstone_shovel": {
    "criteria": {
      "has_item": "2024-09-13 02:59:16 +0000"
    },
    "done": true
  },
  "cfm:recipes/cfm/jungle_kitchen_sink_dark": {
    "criteria": {
      "has_bucket": "2024-09-13 03:16:10 +0000"
    },
    "done": true
  },
  "soulsweapons:recipes/soulsweapons.general/boss_compass": {
    "criteria": {
      "has_item": "2024-09-13 02:59:16 +0000"
    },
    "done": true
  },
  "blue_skies:recipes/blue_skies_everdawn_blocks/maple_bookshelf": {
    "criteria": {
      "has_item": "2024-09-13 04:14:50 +0000"
    },
    "done": true
  },
  "cfm:recipes/cfm/stone_table": {
    "criteria": {
      "has_planks": "2024-09-13 02:50:11 +0000"
    },
    "done": true
  },
  "cfm:recipes/cfm/stripped_spruce_kitchen_sink_dark": {
    "criteria": {
      "has_bucket": "2024-09-13 03:16:10 +0000"
    },
    "done": true
  },
  "minecraft:recipes/building_blocks/polished_diorite": {
    "criteria": {
      "has_diorite": "2024-09-13 03:48:56 +0000"
    },
    "done": true
  },
  "cfm:recipes/cfm/light_blue_kitchen_sink": {
    "criteria": {
      "has_bucket": "2024-09-13 03:16:10 +0000"
    },
    "done": true
  },
  "minecraft:recipes/building_blocks/cobbled_deepslate_slab_from_cobbled_deepslate_stonecutting": {
    "criteria": {
      "has_cobbled_deepslate": "2024-09-13 02:53:57 +0000"
    },
    "done": true
  },
  "minecraft:recipes/building_blocks/light_gray_wool": {
    "criteria": {
      "has_white_wool": "2024-09-13 02:41:42 +0000"
    },
    "done": true
  },
  "minecraft:recipes/building_blocks/red_wool": {
    "criteria": {
      "has_white_wool": "2024-09-13 02:41:42 +0000"
    },
    "done": true
  },
  "securitycraft:recipes/securitycraft/alarm": {
    "criteria": {
      "has_redstone": "2024-09-13 03:34:03 +0000"
    },
    "done": true
  },
  "minecraft:recipes/tools/stone_axe": {
    "criteria": {
      "has_cobblestone": "2024-09-13 02:50:11 +0000"
    },
    "done": true
  },
  "minecraft:recipes/building_blocks/raw_iron_block": {
    "criteria": {
      "has_raw_iron": "2024-09-13 02:51:29 +0000"
    },
    "done": true
  },
  "minecraft:recipes/food/cooked_mutton": {
    "criteria": {
      "has_mutton": "2024-09-13 02:41:36 +0000"
    },
    "done": true
  },
  "securitycraft:recipes/securitycraft/disguise_module": {
    "criteria": {
      "has_iron": "2024-09-13 02:56:34 +0000"
    },
    "done": true
  },
  "cfm:recipes/cfm/stripped_dark_oak_kitchen_sink_dark": {
    "criteria": {
      "has_bucket": "2024-09-13 03:16:10 +0000"
    },
    "done": true
  },
  "minecraft:recipes/food/cooked_cod_from_grill_cooking": {
    "criteria": {
      "has_cod": "2024-09-13 03:22:32 +0000"
    },
    "done": true
  },
  "securitycraft:recipes/securitycraft/reinforced_dark_oak_fence": {
    "criteria": {
      "has_stick": "2024-09-13 02:42:48 +0000"
    },
    "done": true
  },
  "cfm:recipes/cfm/yellow_kitchen_sink": {
    "criteria": {
      "has_bucket": "2024-09-13 03:16:10 +0000"
    },
    "done": true
  },
  "tombstone:adventure/ambush": {
    "criteria": {
      "coded_trigger": "2024-09-13 03:19:54 +0000"
    },
    "done": true
  },
  "cfm:recipes/cfm/birch_kitchen_sink_dark": {
    "criteria": {
      "has_bucket": "2024-09-13 03:16:10 +0000"
    },
    "done": true
  },
  "cfm:recipes/cfm/white_kitchen_sink": {
    "criteria": {
      "has_bucket": "2024-09-13 03:16:10 +0000"
    },
    "done": true
  },
  "incendium:technical/on_block": {
    "criteria": {
      "log_spam_fixer": "2024-09-13 04:23:44 +0000"
    },
    "done": false
  },
  "minecraft:recipes/building_blocks/purple_wool": {
    "criteria": {
      "has_white_wool": "2024-09-13 02:41:42 +0000"
    },
    "done": true
  },
  "cfm:recipes/cfm/stripped_dark_oak_kitchen_sink_light": {
    "criteria": {
      "has_bucket": "2024-09-13 03:16:10 +0000"
    },
    "done": true
  },
  "minecraft:recipes/building_blocks/cobblestone_stairs_from_cobblestone_stonecutting": {
    "criteria": {
      "has_cobblestone": "2024-09-13 02:50:11 +0000"
    },
    "done": true
  },
  "securitycraft:recipes/securitycraft/panic_button": {
    "criteria": {
      "has_redstone": "2024-09-13 03:34:03 +0000"
    },
    "done": true
  },
  "minecraft:recipes/misc/writable_book": {
    "criteria": {
      "has_book": "2024-09-13 04:14:50 +0000"
    },
    "done": true
  },
  "cfm:recipes/cfm/granite_desk": {
    "criteria": {
      "has_planks": "2024-09-13 03:06:37 +0000"
    },
    "done": true
  },
  "cfm:recipes/cfm/birch_kitchen_sink_light": {
    "criteria": {
      "has_bucket": "2024-09-13 03:16:10 +0000"
    },
    "done": true
  },
  "cfm:recipes/cfm/red_kitchen_sink": {
    "criteria": {
      "has_bucket": "2024-09-13 03:16:10 +0000"
    },
    "done": true
  },
  "minecraft:recipes/misc/wheat": {
    "criteria": {
      "has_hay_block": "2024-09-13 02:43:08 +0000"
    },
    "done": true
  },
  "minecraft:recipes/decorations/white_bed": {
    "criteria": {
      "has_white_wool": "2024-09-13 02:41:42 +0000"
    },
    "done": true
  },
  "securitycraft:recipes/securitycraft/reinforced_spruce_fence": {
    "criteria": {
      "has_stick": "2024-09-13 02:42:48 +0000"
    },
    "done": true
  },
  "cfm:recipes/cfm/stone_desk_cabinet": {
    "criteria": {
      "has_planks": "2024-09-13 02:50:11 +0000"
    },
    "done": true
  },
  "soulsweapons:recipes/soulsweapons.general/moonstone_block": {
    "criteria": {
      "has_item": "2024-09-13 02:59:16 +0000"
    },
    "done": true
  },
  "minecraft:recipes/decorations/candle": {
    "criteria": {
      "has_string": "2024-09-13 02:45:01 +0000"
    },
    "done": true
  },
  "minecraft:recipes/decorations/campfire": {
    "criteria": {
      "has_stick": "2024-09-13 02:42:48 +0000"
    },
    "done": true
  },
  "minecraft:recipes/tools/golden_hoe": {
    "criteria": {
      "has_gold_ingot": "2024-09-13 02:45:51 +0000"
    },
    "done": true
  },
  "minecraft:recipes/food/bread": {
    "criteria": {
      "has_wheat": "2024-09-13 02:45:14 +0000"
    },
    "done": true
  },
  "minecraft:recipes/building_blocks/diorite_slab_from_diorite_stonecutting": {
    "criteria": {
      "has_diorite": "2024-09-13 03:48:56 +0000"
    },
    "done": true
  },
  "cfm:recipes/cfm/stone_coffee_table": {
    "criteria": {
      "has_planks": "2024-09-13 02:50:11 +0000"
    },
    "done": true
  },
  "minecraft:recipes/misc/iron_nugget": {
    "criteria": {
      "has_iron_ingot": "2024-09-13 02:56:34 +0000"
    },
    "done": true
  },
  "minecraft:recipes/building_blocks/deepslate_tile_slab_from_cobbled_deepslate_stonecutting": {
    "criteria": {
      "has_cobbled_deepslate": "2024-09-13 02:53:57 +0000"
    },
    "done": true
  },
  "securitycraft:recipes/securitycraft/track_mine": {
    "criteria": {
      "has_iron": "2024-09-13 02:56:34 +0000"
    },
    "done": true
  },
  "cfm:recipes/cfm/stripped_oak_chair": {
    "criteria": {
      "has_planks": "2024-09-13 02:42:48 +0000"
    },
    "done": true
  },
  "minecraft:recipes/combat/diamond_sword": {
    "criteria": {
      "has_diamond": "2024-09-13 03:05:20 +0000"
    },
    "done": true
  },
  "soulsweapons:recipes/soulsweapons.general/holy_greatsword": {
    "criteria": {
      "has_item": "2024-09-13 02:56:34 +0000"
    },
    "done": true
  },
  "minecraft:recipes/building_blocks/cyan_wool": {
    "criteria": {
      "has_white_wool": "2024-09-13 02:41:42 +0000"
    },
    "done": true
  },
  "blue_skies:recipes/blue_skies_everdawn_blocks/lunar_bookshelf": {
    "criteria": {
      "has_item": "2024-09-13 04:14:50 +0000"
    },
    "done": true
  },
  "cfm:recipes/cfm/oak_crate": {
    "criteria": {
      "has_log": "2024-09-13 02:42:48 +0000"
    },
    "done": true
  },
  "cfm:recipes/cfm/trampoline": {
    "criteria": {
      "has_iron": "2024-09-13 02:56:34 +0000"
    },
    "done": true
  },
  "minecraft:recipes/food/cooked_beef_from_grill_cooking": {
    "criteria": {
      "has_beef": "2024-09-13 04:17:22 +0000"
    },
    "done": true
  },
  "tombstone:adventure/cancel_ghostly_shape": {
    "criteria": {
      "coded_trigger": "2024-09-13 02:45:39 +0000"
    },
    "done": true
  },
  "minecraft:recipes/decorations/jukebox": {
    "criteria": {
      "has_diamond": "2024-09-13 03:05:20 +0000"
    },
    "done": true
  },
  "securitycraft:recipes/securitycraft/reinforced_oak_fence": {
    "criteria": {
      "has_stick": "2024-09-13 02:42:48 +0000"
    },
    "done": true
  },
  "minecraft:recipes/transportation/spruce_boat": {
    "criteria": {
      "in_water": "2024-09-13 03:29:03 +0000"
    },
    "done": true
  },
  "cfm:recipes/cfm/stripped_oak_table": {
    "criteria": {
      "has_planks": "2024-09-13 02:42:48 +0000"
    },
    "done": true
  },
  "securitycraft:recipes/securitycraft/blacklist_module": {
    "criteria": {
      "has_iron": "2024-09-13 02:56:34 +0000"
    },
    "done": true
  },
  "securitycraft:recipes/securitycraft/speed_module": {
    "criteria": {
      "has_iron": "2024-09-13 02:56:34 +0000"
    },
    "done": true
  },
  "minecraft:recipes/misc/firework_rocket_simple": {
    "criteria": {
      "has_gunpowder": "2024-09-13 04:14:14 +0000"
    },
    "done": true
  },
  "soulsweapons:recipes/soulsweapons.general/altar_block": {
    "criteria": {
      "has_item": "2024-09-13 02:59:16 +0000"
    },
    "done": true
  },
  "blue_skies:recipes/blue_skies_everbright_blocks/starlit_bookshelf": {
    "criteria": {
      "has_item": "2024-09-13 04:14:50 +0000"
    },
    "done": true
  },
  "tombstone:adventure/bone_crusher": {
    "criteria": {
      "coded_trigger": "2024-09-13 03:55:29 +0000"
    },
    "done": true
  },
  "minecraft:recipes/food/mushroom_stew": {
    "criteria": {
      "has_red_mushroom": "2024-09-13 03:51:34 +0000"
    },
    "done": true
  },
  "securitycraft:recipes/securitycraft/harming_module": {
    "criteria": {
      "has_iron": "2024-09-13 02:56:34 +0000"
    },
    "done": true
  },
  "minecraft:recipes/building_blocks/gray_wool": {
    "criteria": {
      "has_white_wool": "2024-09-13 02:41:42 +0000"
    },
    "done": true
  },
  "minecraft:recipes/building_blocks/polished_granite_from_granite_stonecutting": {
    "criteria": {
      "has_granite": "2024-09-13 03:06:37 +0000"
    },
    "done": true
  },
  "cfm:recipes/cfm/oak_kitchen_counter": {
    "criteria": {
      "has_log": "2024-09-13 02:42:48 +0000"
    },
    "done": true
  },
  "minecraft:recipes/misc/gold_nugget": {
    "criteria": {
      "has_gold_ingot": "2024-09-13 02:45:51 +0000"
    },
    "done": true
  },
  "minecraft:recipes/misc/sugar_from_sugar_cane": {
    "criteria": {
      "has_sugar_cane": "2024-09-13 02:47:43 +0000"
    },
    "done": true
  },
  "tombstone:adventure/find_grave_dust": {
    "criteria": {
      "from_undead": "2024-09-13 02:50:36 +0000"
    },
    "done": true
  },
  "cfm:recipes/cfm/stripped_oak_kitchen_drawer": {
    "criteria": {
      "has_log": "2024-09-13 02:42:48 +0000"
    },
    "done": true
  },
  "securitycraft:recipes/securitycraft/keypad_frame": {
    "criteria": {
      "has_redstone": "2024-09-13 03:34:03 +0000"
    },
    "done": true
  },
  "minecraft:husbandry/balanced_diet": {
    "criteria": {
      "apple": "2024-09-13 02:42:52 +0000",
      "bread": "2024-09-13 03:58:29 +0000",
      "melon_slice": "2024-09-13 02:47:39 +0000",
      "cod": "2024-09-13 03:25:03 +0000"
    },
    "done": false
  },
  "tombstone:recipes/from_grave_key": {
    "criteria": {
      "has_ingredient": "2024-09-13 02:45:26 +0000"
    },
    "done": true
  },
  "minecraft:recipes/tools/wooden_hoe": {
    "criteria": {
      "has_stick": "2024-09-13 02:42:48 +0000"
    },
    "done": true
  },
  "cfm:recipes/cfm/oak_blinds": {
    "criteria": {
      "has_log": "2024-09-13 02:42:48 +0000"
    },
    "done": true
  },
  "cfm:recipes/cfm/stone_desk": {
    "criteria": {
      "has_planks": "2024-09-13 02:50:11 +0000"
    },
    "done": true
  },
  "minecraft:recipes/food/cooked_cod": {
    "criteria": {
      "has_cod": "2024-09-13 03:22:32 +0000"
    },
    "done": true
  },
  "minecraft:recipes/misc/bucket": {
    "criteria": {
      "has_iron_ingot": "2024-09-13 02:56:34 +0000"
    },
    "done": true
  },
  "parcool:grant_parcool_guide": {
    "criteria": {
      "tick": "2024-09-13 02:36:52 +0000"
    },
    "done": true
  },
  "minecraft:recipes/building_blocks/cobblestone_stairs": {
    "criteria": {
      "has_cobblestone": "2024-09-13 02:50:11 +0000"
    },
    "done": true
  },
  "cfm:recipes/cfm/oak_kitchen_sink_dark": {
    "criteria": {
      "has_bottom": "2024-09-13 02:43:25 +0000"
    },
    "done": true
  },
  "minecraft:recipes/building_blocks/diorite_slab": {
    "criteria": {
      "has_diorite": "2024-09-13 03:48:56 +0000"
    },
    "done": true
  },
  "securitycraft:recipes/securitycraft/reinforced_bookshelf": {
    "criteria": {
      "has_book": "2024-09-13 04:14:50 +0000"
    },
    "done": true
  },
  "minecraft:recipes/misc/raw_gold": {
    "criteria": {
      "has_raw_gold_block": "2024-09-13 03:22:28 +0000"
    },
    "done": true
  },
  "minecraft:recipes/decorations/granite_wall": {
    "criteria": {
      "has_granite": "2024-09-13 03:06:37 +0000"
    },
    "done": true
  },
  "minecraft:recipes/redstone/note_block": {
    "criteria": {
      "has_redstone": "2024-09-13 03:34:03 +0000"
    },
    "done": true
  },
  "tombstone:adventure/first_grave": {
    "criteria": {
      "coded_trigger": "2024-09-13 02:45:25 +0000"
    },
    "done": true
  },
  "securitycraft:recipes/securitycraft/redstone_module": {
    "criteria": {
      "has_iron": "2024-09-13 02:56:34 +0000"
    },
    "done": true
  },
  "minecraft:recipes/decorations/white_banner": {
    "criteria": {
      "has_white_wool": "2024-09-13 02:41:42 +0000"
    },
    "done": true
  },
  "minecraft:recipes/building_blocks/polished_diorite_slab_from_diorite_stonecutting": {
    "criteria": {
      "has_diorite": "2024-09-13 03:48:56 +0000"
    },
    "done": true
  },
  "minecraft:recipes/building_blocks/deepslate_tiles_from_cobbled_deepslate_stonecutting": {
    "criteria": {
      "has_cobbled_deepslate": "2024-09-13 02:53:57 +0000"
    },
    "done": true
  },
  "incendium:technical/using/shield": {
    "criteria": {
      "log_spam_fixer": "2024-09-13 02:36:52 +0000"
    },
    "done": false
  },
  "minecraft:recipes/building_blocks/hay_block": {
    "criteria": {
      "has_wheat": "2024-09-13 02:45:14 +0000"
    },
    "done": true
  },
  "minecraft:recipes/misc/leather_horse_armor": {
    "criteria": {
      "has_leather": "2024-09-13 04:17:22 +0000"
    },
    "done": true
  },
  "minecraft:recipes/combat/iron_helmet": {
    "criteria": {
      "has_iron_ingot": "2024-09-13 02:56:34 +0000"
    },
    "done": true
  },
  "minecraft:recipes/tools/golden_shovel": {
    "criteria": {
      "has_gold_ingot": "2024-09-13 02:45:51 +0000"
    },
    "done": true
  },
  "cfm:recipes/cfm/yellow_grill": {
    "criteria": {
      "has_iron": "2024-09-13 02:56:34 +0000"
    },
    "done": true
  },
  "minecraft:recipes/combat/bow": {
    "criteria": {
      "has_string": "2024-09-13 02:45:01 +0000"
    },
    "done": true
  },
  "blue_skies:recipes/blue_skies_everdawn_blocks/dusk_bookshelf": {
    "criteria": {
      "has_item": "2024-09-13 04:14:50 +0000"
    },
    "done": true
  },
  "minecraft:recipes/redstone/oak_fence_gate": {
    "criteria": {
      "has_planks": "2024-09-13 02:43:25 +0000"
    },
    "done": true
  },
  "minecraft:recipes/redstone/tnt": {
    "criteria": {
      "has_gunpowder": "2024-09-13 04:14:14 +0000"
    },
    "done": true
  },
  "cfm:recipes/cfm/white_sofa": {
    "criteria": {
      "has_wool": "2024-09-13 02:41:42 +0000"
    },
    "done": true
  },
  "awesomedungeon:mushroom_abandonned/find_normal": {
    "criteria": {
      "requirement": "2024-09-13 02:44:33 +0000"
    },
    "done": true
  },
  "minecraft:recipes/decorations/diorite_wall_from_diorite_stonecutting": {
    "criteria": {
      "has_diorite": "2024-09-13 03:48:56 +0000"
    },
    "done": true
  },
  "securitycraft:recipes/securitycraft/reinforced_birch_fence_gate": {
    "criteria": {
      "has_stick": "2024-09-13 02:42:48 +0000"
    },
    "done": true
  },
  "minecraft:recipes/combat/diamond_chestplate": {
    "criteria": {
      "has_diamond": "2024-09-13 03:05:20 +0000"
    },
    "done": true
  },
  "minecraft:story/mine_stone": {
    "criteria": {
      "get_stone": "2024-09-13 02:50:11 +0000"
    },
    "done": true
  },
  "minecraft:recipes/redstone/target": {
    "criteria": {
      "has_hay_block": "2024-09-13 02:43:08 +0000"
    },
    "done": true
  },
  "minecraft:recipes/decorations/furnace": {
    "criteria": {
      "has_cobblestone": "2024-09-13 02:50:11 +0000"
    },
    "done": true
  },
  "minecraft:recipes/transportation/minecart": {
    "criteria": {
      "has_iron_ingot": "2024-09-13 02:56:34 +0000"
    },
    "done": true
  },
  "securitycraft:recipes/securitycraft/reinforced_acacia_fence_gate": {
    "criteria": {
      "has_stick": "2024-09-13 02:42:48 +0000"
    },
    "done": true
  },
  "tombstone:adventure/create_magic_scroll": {
    "criteria": {
      "has_magic_scroll": "2024-09-13 04:01:30 +0000"
    },
    "done": true
  },
  "minecraft:recipes/misc/charcoal": {
    "criteria": {
      "has_log": "2024-09-13 02:42:48 +0000"
    },
    "done": true
  },
  "minecraft:recipes/building_blocks/orange_wool": {
    "criteria": {
      "has_white_wool": "2024-09-13 02:41:42 +0000"
    },
    "done": true
  },
  "minecraft:recipes/tools/iron_hoe": {
    "criteria": {
      "has_iron_ingot": "2024-09-13 02:56:34 +0000"
    },
    "done": true
  },
  "minecraft:recipes/tools/wooden_pickaxe": {
    "criteria": {
      "has_stick": "2024-09-13 02:42:48 +0000"
    },
    "done": true
  },
  "minecraft:recipes/building_blocks/cobbled_deepslate_stairs": {
    "criteria": {
      "has_cobbled_deepslate": "2024-09-13 02:53:57 +0000"
    },
    "done": true
  },
  "minecraft:recipes/redstone/redstone_torch": {
    "criteria": {
      "has_redstone": "2024-09-13 03:34:03 +0000"
    },
    "done": true
  },
  "soulsweapons:all_weapons": {
    "criteria": {
      "bluemoon_short": "2024-09-13 03:40:45 +0000"
    },
    "done": false
  },
  "minecraft:husbandry/root": {
    "criteria": {
      "consumed_item": "2024-09-13 02:42:52 +0000"
    },
    "done": true
  },
  "cfm:recipes/cfm/orange_kitchen_sink": {
    "criteria": {
      "has_bucket": "2024-09-13 03:16:10 +0000"
    },
    "done": true
  },
  "minecraft:recipes/transportation/birch_boat": {
    "criteria": {
      "in_water": "2024-09-13 03:29:03 +0000"
    },
    "done": true
  },
  "minecraft:recipes/food/golden_apple": {
    "criteria": {
      "has_gold_ingot": "2024-09-13 02:45:51 +0000"
    },
    "done": true
  },
  "minecraft:recipes/misc/gold_ingot_from_blasting_raw_gold": {
    "criteria": {
      "has_raw_gold": "2024-09-13 03:10:12 +0000"
    },
    "done": true
  },
  "minecraft:recipes/building_blocks/polished_granite_slab_from_granite_stonecutting": {
    "criteria": {
      "has_granite": "2024-09-13 03:06:37 +0000"
    },
    "done": true
  },
  "securitycraft:recipes/securitycraft/sonic_security_system": {
    "criteria": {
      "has_stick": "2024-09-13 02:42:48 +0000"
    },
    "done": true
  },
  "minecraft:recipes/building_blocks/cobbled_deepslate_stairs_from_cobbled_deepslate_stonecutting": {
    "criteria": {
      "has_cobbled_deepslate": "2024-09-13 02:53:57 +0000"
    },
    "done": true
  },
  "cfm:recipes/cfm/gray_sofa": {
    "criteria": {
      "has_wool": "2024-09-13 02:41:36 +0000"
    },
    "done": true
  },
  "minecraft:recipes/tools/iron_shovel": {
    "criteria": {
      "has_iron_ingot": "2024-09-13 02:56:34 +0000"
    },
    "done": true
  },
  "incendium:technical/inventory/firestorm": {
    "criteria": {
      "log_spam_fixer": "2024-09-13 04:23:44 +0000"
    },
    "done": false
  },
  "cfm:recipes/cfm/stripped_warped_kitchen_sink_light": {
    "criteria": {
      "has_bucket": "2024-09-13 03:16:10 +0000"
    },
    "done": true
  },
  "minecraft:recipes/misc/bowl": {
    "criteria": {
      "has_red_mushroom": "2024-09-13 03:51:34 +0000"
    },
    "done": true
  },
  "minecraft:recipes/decorations/item_frame": {
    "criteria": {
      "has_leather": "2024-09-13 04:17:22 +0000"
    },
    "done": true
  },
  "minecraft:recipes/tools/clock": {
    "criteria": {
      "has_redstone": "2024-09-13 03:34:03 +0000"
    },
    "done": true
  },
  "minecraft:recipes/tools/stone_hoe": {
    "criteria": {
      "has_cobblestone": "2024-09-13 02:50:11 +0000"
    },
    "done": true
  },
  "minecraft:recipes/tools/diamond_hoe": {
    "criteria": {
      "has_diamond": "2024-09-13 03:05:20 +0000"
    },
    "done": true
  },
  "minecraft:recipes/food/baked_potato_from_smoking": {
    "criteria": {
      "has_potato": "2024-09-13 02:49:16 +0000"
    },
    "done": true
  },
  "minecraft:recipes/tools/diamond_shovel": {
    "criteria": {
      "has_diamond": "2024-09-13 03:05:20 +0000"
    },
    "done": true
  },
  "cfm:recipes/cfm/oak_upgraded_gate": {
    "criteria": {
      "has_log": "2024-09-13 02:42:48 +0000"
    },
    "done": true
  },
  "minecraft:recipes/building_blocks/deepslate": {
    "criteria": {
      "has_cobbled_deepslate": "2024-09-13 02:53:57 +0000"
    },
    "done": true
  },
  "minecraft:recipes/building_blocks/granite_slab": {
    "criteria": {
      "has_granite": "2024-09-13 03:06:37 +0000"
    },
    "done": true
  },
  "minecraft:recipes/food/baked_potato": {
    "criteria": {
      "has_potato": "2024-09-13 02:49:16 +0000"
    },
    "done": true
  },
  "minecraft:recipes/decorations/white_carpet": {
    "criteria": {
      "has_white_wool": "2024-09-13 02:41:42 +0000"
    },
    "done": true
  },
  "cfm:recipes/cfm/white_grill": {
    "criteria": {
      "has_iron": "2024-09-13 02:56:34 +0000"
    },
    "done": true
  },
  "minecraft:recipes/misc/gold_ingot_from_nuggets": {
    "criteria": {
      "has_gold_nugget": "2024-09-13 02:47:43 +0000"
    },
    "done": true
  },
  "tombstone:adventure/first_knowledge": {
    "criteria": {
      "coded_trigger": "2024-09-13 02:50:36 +0000"
    },
    "done": true
  },
  "minecraft:story/mine_diamond": {
    "criteria": {
      "diamond": "2024-09-13 03:05:20 +0000"
    },
    "done": true
  },
  "minecraft:story/upgrade_tools": {
    "criteria": {
      "stone_pickaxe": "2024-09-13 02:50:52 +0000"
    },
    "done": true
  },
  "minecraft:recipes/combat/diamond_helmet": {
    "criteria": {
      "has_diamond": "2024-09-13 03:05:20 +0000"
    },
    "done": true
  },
  "minecraft:recipes/building_blocks/polished_granite_stairs_from_granite_stonecutting": {
    "criteria": {
      "has_granite": "2024-09-13 03:06:37 +0000"
    },
    "done": true
  },
  "minecraft:recipes/transportation/oak_boat": {
    "criteria": {
      "in_water": "2024-09-13 03:29:03 +0000"
    },
    "done": true
  },
  "incendium:technical/on_inventory_change": {
    "criteria": {
      "log_spam_fixer": "2024-09-13 04:23:44 +0000"
    },
    "done": false
  },
  "cfm:recipes/cfm/oak_park_bench": {
    "criteria": {
      "has_log": "2024-09-13 02:42:48 +0000"
    },
    "done": true
  },
  "minecraft:recipes/combat/golden_boots": {
    "criteria": {
      "has_gold_ingot": "2024-09-13 02:45:51 +0000"
    },
    "done": true
  },
  "cfm:recipes/cfm/stripped_oak_kitchen_sink_light": {
    "criteria": {
      "has_bucket": "2024-09-13 03:16:10 +0000"
    },
    "done": true
  },
  "securitycraft:recipes/securitycraft/claymore": {
    "criteria": {
      "has_redstone": "2024-09-13 03:34:03 +0000"
    },
    "done": true
  },
  "minecraft:recipes/tools/wooden_axe": {
    "criteria": {
      "has_stick": "2024-09-13 02:42:48 +0000"
    },
    "done": true
  },
  "minecraft:recipes/building_blocks/lime_wool": {
    "criteria": {
      "has_white_wool": "2024-09-13 02:41:42 +0000"
    },
    "done": true
  },
  "securitycraft:recipes/securitycraft/keycard_lv2": {
    "criteria": {
      "has_iron": "2024-09-13 02:56:34 +0000"
    },
    "done": true
  },
  "securitycraft:recipes/securitycraft/keycard_lv1": {
    "criteria": {
      "has_iron": "2024-09-13 02:56:34 +0000"
    },
    "done": true
  },
  "minecraft:recipes/misc/paper": {
    "criteria": {
      "has_reeds": "2024-09-13 02:47:43 +0000"
    },
    "done": true
  },
  "minecraft:recipes/building_blocks/polished_diorite_stairs_from_diorite_stonecutting": {
    "criteria": {
      "has_diorite": "2024-09-13 03:48:56 +0000"
    },
    "done": true
  },
  "soulsweapons:recipes/soulsweapons.general/sting": {
    "criteria": {
      "has_item": "2024-09-13 03:05:26 +0000"
    },
    "done": true
  },
  "tombstone:adventure/ashes_and_bones": {
    "criteria": {
      "coded_trigger": "2024-09-13 03:27:11 +0000"
    },
    "done": true
  },
  "cfm:recipes/cfm/stripped_warped_kitchen_sink_dark": {
    "criteria": {
      "has_bucket": "2024-09-13 03:16:10 +0000"
    },
    "done": true
  },
  "minecraft:recipes/decorations/loom": {
    "criteria": {
      "has_string": "2024-09-13 02:45:01 +0000"
    },
    "done": true
  },
  "minecraft:recipes/building_blocks/green_wool": {
    "criteria": {
      "has_white_wool": "2024-09-13 02:41:42 +0000"
    },
    "done": true
  },
  "securitycraft:recipes/securitycraft/bouncing_betty": {
    "criteria": {
      "has_iron": "2024-09-13 02:56:34 +0000"
    },
    "done": true
  },
  "minecraft:recipes/tools/diamond_axe": {
    "criteria": {
      "has_diamond": "2024-09-13 03:05:20 +0000"
    },
    "done": true
  },
  "cfm:recipes/cfm/light_gray_grill": {
    "criteria": {
      "has_iron": "2024-09-13 02:56:34 +0000"
    },
    "done": true
  },
  "minecraft:recipes/building_blocks/brown_wool": {
    "criteria": {
      "has_white_wool": "2024-09-13 02:41:42 +0000"
    },
    "done": true
  },
  "soulsweapons:recipes/soulsweapons.general/moonstone_axe_right": {
    "criteria": {
      "has_item": "2024-09-13 02:59:16 +0000"
    },
    "done": true
  },
  "aquamirae:adventure/root": {
    "criteria": {
      "crafting_table": "2024-09-13 02:43:21 +0000"
    },
    "done": true
  },
  "cfm:recipes/cfm/magenta_kitchen_sink": {
    "criteria": {
      "has_bucket": "2024-09-13 03:16:10 +0000"
    },
    "done": true
  },
  "minecraft:recipes/decorations/painting": {
    "criteria": {
      "has_wool": "2024-09-13 02:41:36 +0000"
    },
    "done": true
  },
  "securitycraft:recipes/securitycraft/keycard_lv4": {
    "criteria": {
      "has_iron": "2024-09-13 02:56:34 +0000"
    },
    "done": true
  },
  "securitycraft:recipes/securitycraft/sc_manual": {
    "criteria": {
      "has_wood": "2024-09-13 02:42:48 +0000"
    },
    "done": true
  },
  "securitycraft:recipes/securitycraft/keycard_lv3": {
    "criteria": {
      "has_iron": "2024-09-13 02:56:34 +0000"
    },
    "done": true
  },
  "securitycraft:recipes/securitycraft/keycard_lv5": {
    "criteria": {
      "has_iron": "2024-09-13 02:56:34 +0000"
    },
    "done": true
  },
  "minecraft:recipes/building_blocks/coal_block": {
    "criteria": {
      "has_coal": "2024-09-13 02:47:43 +0000"
    },
    "done": true
  },
  "cfm:recipes/cfm/stripped_oak_bedside_cabinet": {
    "criteria": {
      "has_planks": "2024-09-13 02:42:48 +0000"
    },
    "done": true
  },
  "minecraft:recipes/redstone/light_weighted_pressure_plate": {
    "criteria": {
      "has_gold_ingot": "2024-09-13 02:45:51 +0000"
    },
    "done": true
  },
  "cfm:recipes/cfm/spatula": {
    "criteria": {
      "has_iron": "2024-09-13 02:56:34 +0000"
    },
    "done": true
  },
  "minecraft:recipes/tools/stone_shovel": {
    "criteria": {
      "has_cobblestone": "2024-09-13 02:50:11 +0000"
    },
    "done": true
  },
  "securitycraft:recipes/securitycraft/reinforced_jungle_fence_gate": {
    "criteria": {
      "has_stick": "2024-09-13 02:42:48 +0000"
    },
    "done": true
  },
  "minecraft:recipes/building_blocks/diorite_stairs": {
    "criteria": {
      "has_diorite": "2024-09-13 03:48:56 +0000"
    },
    "done": true
  },
  "tombstone:adventure/root": {
    "criteria": {
      "auto": "2024-09-13 02:36:52 +0000"
    },
    "done": true
  },
  "cataclysm:root": {
    "criteria": {
      "custom_test_name": "2024-09-13 02:36:52 +0000"
    },
    "done": true
  },
  "minecraft:recipes/building_blocks/granite_slab_from_granite_stonecutting": {
    "criteria": {
      "has_granite": "2024-09-13 03:06:37 +0000"
    },
    "done": true
  },
  "securitycraft:recipes/securitycraft/universal_block_reinforcer_lvl2": {
    "criteria": {
      "has_redstone": "2024-09-13 03:34:03 +0000"
    },
    "done": true
  },
  "securitycraft:recipes/securitycraft/reinforced_andesite": {
    "criteria": {
      "has_cobblestone": "2024-09-13 02:50:11 +0000"
    },
    "done": true
  },
  "securitycraft:recipes/securitycraft/universal_block_reinforcer_lvl1": {
    "criteria": {
      "has_redstone": "2024-09-13 03:34:03 +0000"
    },
    "done": true
  },
  "cfm:recipes/cfm/diorite_desk_cabinet": {
    "criteria": {
      "has_planks": "2024-09-13 03:48:56 +0000"
    },
    "done": true
  },
  "securitycraft:recipes/securitycraft/universal_block_reinforcer_lvl3": {
    "criteria": {
      "has_redstone": "2024-09-13 03:34:03 +0000"
    },
    "done": true
  },
  "blue_skies:recipes/blue_skies_blocks/food_prep_table": {
    "criteria": {
      "has_item": "2024-09-13 02:48:13 +0000"
    },
    "done": true
  },
  "minecraft:recipes/building_blocks/andesite": {
    "criteria": {
      "has_stone": "2024-09-13 03:48:56 +0000"
    },
    "done": true
  },
  "cfm:recipes/cfm/oak_table": {
    "criteria": {
      "has_log": "2024-09-13 02:42:48 +0000"
    },
    "done": true
  },
  "securitycraft:recipes/securitycraft/floor_trap": {
    "criteria": {
      "has_iron": "2024-09-13 02:56:34 +0000"
    },
    "done": true
  },
  "minecraft:recipes/combat/golden_helmet": {
    "criteria": {
      "has_gold_ingot": "2024-09-13 02:45:51 +0000"
    },
    "done": true
  },
  "minecraft:recipes/redstone/oak_pressure_plate": {
    "criteria": {
      "has_planks": "2024-09-13 02:43:25 +0000"
    },
    "done": true
  },
  "minecraft:recipes/building_blocks/polished_deepslate_stairs_from_cobbled_deepslate_stonecutting": {
    "criteria": {
      "has_cobbled_deepslate": "2024-09-13 02:53:57 +0000"
    },
    "done": true
  },
  "cfm:recipes/cfm/oak_desk": {
    "criteria": {
      "has_log": "2024-09-13 02:42:48 +0000"
    },
    "done": true
  },
  "securitycraft:recipes/securitycraft/laser_block": {
    "criteria": {
      "has_stone": "2024-09-13 02:50:11 +0000"
    },
    "done": true
  },
  "soulsweapons:recipes/soulsweapons.general/moonstone_pickaxe": {
    "criteria": {
      "has_item": "2024-09-13 02:59:16 +0000"
    },
    "done": true
  },
  "minecraft:recipes/building_blocks/oak_wood": {
    "criteria": {
      "has_log": "2024-09-13 02:42:48 +0000"
    },
    "done": true
  },
  "minecraft:story/root": {
    "criteria": {
      "crafting_table": "2024-09-13 02:43:21 +0000"
    },
    "done": true
  },
  "cfm:recipes/cfm/granite_bedside_cabinet": {
    "criteria": {
      "has_planks": "2024-09-13 03:06:37 +0000"
    },
    "done": true
  },
  "minecraft:recipes/redstone/dropper": {
    "criteria": {
      "has_redstone": "2024-09-13 03:34:03 +0000"
    },
    "done": true
  },
  "cfm:recipes/cfm/lime_kitchen_sink": {
    "criteria": {
      "has_bucket": "2024-09-13 03:16:10 +0000"
    },
    "done": true
  },
  "cfm:recipes/cfm/warped_kitchen_sink_dark": {
    "criteria": {
      "has_bucket": "2024-09-13 03:16:10 +0000"
    },
    "done": true
  },
  "minecraft:recipes/misc/coal": {
    "criteria": {
      "has_coal_block": "2024-09-13 04:13:55 +0000"
    },
    "done": true
  },
  "soulsweapons:root": {
    "criteria": {
      "crafting_table": "2024-09-13 02:43:21 +0000"
    },
    "done": true
  },
  "soulsweapons:recipes/soulsweapons.general/moonstone_hoe_right": {
    "criteria": {
      "has_item": "2024-09-13 02:59:16 +0000"
    },
    "done": true
  },
  "minecraft:recipes/combat/leather_chestplate": {
    "criteria": {
      "has_leather": "2024-09-13 04:17:22 +0000"
    },
    "done": true
  },
  "minecraft:recipes/tools/compass": {
    "criteria": {
      "has_redstone": "2024-09-13 03:34:03 +0000"
    },
    "done": true
  },
  "minecraft:recipes/redstone/oak_button": {
    "criteria": {
      "has_planks": "2024-09-13 02:43:25 +0000"
    },
    "done": true
  },
  "cfm:recipes/cfm/diorite_bedside_cabinet": {
    "criteria": {
      "has_planks": "2024-09-13 03:48:56 +0000"
    },
    "done": true
  },
  "cfm:recipes/cfm/light_gray_kitchen_sink": {
    "criteria": {
      "has_bucket": "2024-09-13 03:16:10 +0000"
    },
    "done": true
  },
  "cfm:recipes/cfm/oak_cabinet": {
    "criteria": {
      "has_log": "2024-09-13 02:42:48 +0000"
    },
    "done": true
  },
  "cfm:recipes/cfm/granite_chair": {
    "criteria": {
      "has_planks": "2024-09-13 03:06:37 +0000"
    },
    "done": true
  },
  "awesomedungeon:the_ztower/find_normal": {
    "criteria": {
      "requirement": "2024-09-13 04:12:41 +0000"
    },
    "done": true
  },
  "minecraft:recipes/food/cooked_beef": {
    "criteria": {
      "has_beef": "2024-09-13 04:17:22 +0000"
    },
    "done": true
  },
  "cfm:recipes/cfm/brown_kitchen_sink": {
    "criteria": {
      "has_bucket": "2024-09-13 03:16:10 +0000"
    },
    "done": true
  },
  "minecraft:recipes/redstone/iron_door": {
    "criteria": {
      "has_iron_ingot": "2024-09-13 02:56:34 +0000"
    },
    "done": true
  },
  "incendium:technical/new_player": {
    "criteria": {
      "requirement": "2024-09-13 02:36:52 +0000"
    },
    "done": true
  },
  "cfm:recipes/cfm/gray_grill": {
    "criteria": {
      "has_iron": "2024-09-13 02:56:34 +0000"
    },
    "done": true
  },
  "minecraft:recipes/redstone/oak_door": {
    "criteria": {
      "has_planks": "2024-09-13 02:43:25 +0000"
    },
    "done": true
  },
  "cfm:recipes/cfm/lime_grill": {
    "criteria": {
      "has_iron": "2024-09-13 02:56:34 +0000"
    },
    "done": true
  },
  "cfm:recipes/cfm/spruce_kitchen_sink_light": {
    "criteria": {
      "has_bucket": "2024-09-13 03:16:10 +0000"
    },
    "done": true
  },
  "securitycraft:recipes/securitycraft/motion_activated_light": {
    "criteria": {
      "has_stick": "2024-09-13 02:42:48 +0000"
    },
    "done": true
  },
  "cfm:recipes/cfm/door_mat": {
    "criteria": {
      "has_wheat": "2024-09-13 02:45:14 +0000"
    },
    "done": true
  },
  "minecraft:recipes/transportation/jungle_boat": {
    "criteria": {
      "in_water": "2024-09-13 03:29:03 +0000"
    },
    "done": true
  },
  "cfm:recipes/cfm/pink_kitchen_sink": {
    "criteria": {
      "has_bucket": "2024-09-13 03:16:10 +0000"
    },
    "done": true
  },
  "securitycraft:recipes/securitycraft/mine": {
    "criteria": {
      "has_iron": "2024-09-13 02:56:34 +0000"
    },
    "done": true
  },
  "incendium:technical/on_kill": {
    "criteria": {
      "log_spam_fixer": "2024-09-13 04:23:44 +0000"
    },
    "done": false
  },
  "minecraft:recipes/redstone/heavy_weighted_pressure_plate": {
    "criteria": {
      "has_iron_ingot": "2024-09-13 02:56:34 +0000"
    },
    "done": true
  },
  "minecraft:recipes/decorations/glow_item_frame": {
    "criteria": {
      "has_glow_ink_sac": "2024-09-13 03:55:05 +0000"
    },
    "done": true
  },
  "minecraft:recipes/transportation/carrot_on_a_stick": {
    "criteria": {
      "has_carrot": "2024-09-13 03:57:00 +0000"
    },
    "done": true
  },
  "minecraft:recipes/transportation/dark_oak_boat": {
    "criteria": {
      "in_water": "2024-09-13 03:29:03 +0000"
    },
    "done": true
  },
  "minecraft:recipes/building_blocks/pink_wool": {
    "criteria": {
      "has_white_wool": "2024-09-13 02:41:42 +0000"
    },
    "done": true
  },
  "incendium:technical/on_player_hurt": {
    "criteria": {
      "log_spam_fixer": "2024-09-13 04:23:44 +0000"
    },
    "done": false
  },
  "cfm:recipes/cfm/cyan_grill": {
    "criteria": {
      "has_iron": "2024-09-13 02:56:34 +0000"
    },
    "done": true
  },
  "minecraft:recipes/building_blocks/polished_granite": {
    "criteria": {
      "has_granite": "2024-09-13 03:06:37 +0000"
    },
    "done": true
  },
  "tombstone:adventure/choose_knowledge": {
    "criteria": {
      "coded_trigger": "2024-09-13 02:51:02 +0000"
    },
    "done": true
  },
  "awesomedungeon:root": {
    "criteria": {
      "awesomedungeon:mushroom_abandonned": "2024-09-13 02:44:33 +0000"
    },
    "done": true
  },
  "securitycraft:recipes/securitycraft/briefcase": {
    "criteria": {
      "has_iron": "2024-09-13 02:56:34 +0000"
    },
    "done": true
  },
  "cfm:recipes/cfm/stone_chair": {
    "criteria": {
      "has_planks": "2024-09-13 02:50:11 +0000"
    },
    "done": true
  },
  "minecraft:recipes/combat/golden_leggings": {
    "criteria": {
      "has_gold_ingot": "2024-09-13 02:45:51 +0000"
    },
    "done": true
  },
  "minecraft:recipes/redstone/piston": {
    "criteria": {
      "has_redstone": "2024-09-13 03:34:03 +0000"
    },
    "done": true
  },
  "cfm:recipes/cfm/stone_bedside_cabinet": {
    "criteria": {
      "has_planks": "2024-09-13 02:50:11 +0000"
    },
    "done": true
  },
  "cfm:recipes/cfm/oak_upgraded_fence": {
    "criteria": {
      "has_log": "2024-09-13 02:42:48 +0000"
    },
    "done": true
  },
  "minecraft:recipes/food/cooked_beef_from_campfire_cooking": {
    "criteria": {
      "has_beef": "2024-09-13 04:17:22 +0000"
    },
    "done": true
  },
  "cfm:recipes/cfm/diorite_cabinet": {
    "criteria": {
      "has_planks": "2024-09-13 03:48:56 +0000"
    },
    "done": true
  },
  "minecraft:recipes/combat/diamond_boots": {
    "criteria": {
      "has_diamond": "2024-09-13 03:05:20 +0000"
    },
    "done": true
  },
  "securitycraft:recipes/securitycraft/reinforced_fence_gate": {
    "criteria": {
      "has_iron": "2024-09-13 02:56:34 +0000"
    },
    "done": true
  },
  "minecraft:recipes/decorations/soul_campfire": {
    "criteria": {
      "has_stick": "2024-09-13 02:42:48 +0000"
    },
    "done": true
  },
  "minecraft:story/smelt_iron": {
    "criteria": {
      "iron": "2024-09-13 02:56:34 +0000"
    },
    "done": true
  },
  "minecraft:recipes/building_blocks/melon": {
    "criteria": {
      "has_melon": "2024-09-13 02:43:43 +0000"
    },
    "done": true
  },
  "cfm:recipes/cfm/stripped_jungle_kitchen_sink_light": {
    "criteria": {
      "has_bucket": "2024-09-13 03:16:10 +0000"
    },
    "done": true
  },
  "cfm:recipes/cfm/oak_kitchen_sink_light": {
    "criteria": {
      "has_bottom": "2024-09-13 02:43:25 +0000"
    },
    "done": true
  },
  "repurposed_structures:root": {
    "criteria": {
      "always": "2024-09-13 02:36:52 +0000"
    },
    "done": true
  },
  "cfm:recipes/cfm/oak_coffee_table": {
    "criteria": {
      "has_log": "2024-09-13 02:42:48 +0000"
    },
    "done": true
  },
  "cfm:recipes/cfm/fridge_light": {
    "criteria": {
      "has_iron": "2024-09-13 02:56:34 +0000"
    },
    "done": true
  },
  "DataVersion": 2975
}